flag,config_hash,model,task,detail
PROVISIONAL,76dd99c62a3e,bdh,compose,n_seeds=3 < 5
HIGH VAR,76dd99c62a3e,bdh,compose,"cv=1.41 (std=0.001, mean=0.001)"
HIGH VAR,76dd99c62a3e,bdh,compose,"cv=0.84 (std=0.012, mean=0.015)"
HIGH VAR,76dd99c62a3e,bdh,compose,"cv=0.78 (std=0.010, mean=0.013)"
HIGH VAR,76dd99c62a3e,bdh,compose,"cv=0.38 (std=0.030, mean=0.079)"
HIGH VAR,76dd99c62a3e,bdh,compose,"cv=0.37 (std=0.014, mean=0.037)"
HIGH VAR,76dd99c62a3e,bdh,compose,"cv=0.71 (std=0.003, mean=0.004)"
HIGH VAR,76dd99c62a3e,bdh,compose,"cv=0.94 (std=0.002, mean=0.003)"
HIGH VAR,76dd99c62a3e,bdh,compose,"cv=0.64 (std=0.009, mean=0.015)"
HIGH VAR,76dd99c62a3e,bdh,compose,"cv=0.31 (std=0.009, mean=0.028)"
HIGH VAR,76dd99c62a3e,bdh,compose,"cv=0.71 (std=0.002, mean=0.003)"
HIGH VAR,76dd99c62a3e,bdh,compose,"cv=0.51 (std=0.003, mean=0.007)"
HIGH VAR,76dd99c62a3e,bdh,compose,"cv=0.36 (std=0.004, mean=0.011)"
HIGH VAR,76dd99c62a3e,bdh,compose,"cv=0.40 (std=0.007, mean=0.017)"
HIGH VAR,76dd99c62a3e,bdh,compose,"cv=0.75 (std=0.002, mean=0.003)"
HIGH VAR,76dd99c62a3e,bdh,compose,"cv=0.31 (std=0.004, mean=0.014)"
HIGH VAR,76dd99c62a3e,bdh,compose,"cv=0.33 (std=0.008, mean=0.025)"
HIGH VAR,76dd99c62a3e,bdh,compose,"cv=0.31 (std=0.005, mean=0.016)"
HIGH VAR,76dd99c62a3e,bdh,compose,"cv=0.30 (std=0.005, mean=0.017)"
HIGH VAR,76dd99c62a3e,bdh,compose,"cv=0.33 (std=0.009, mean=0.027)"
HIGH VAR,76dd99c62a3e,bdh,compose,"cv=0.45 (std=0.008, mean=0.017)"
HIGH VAR,76dd99c62a3e,bdh,compose,"cv=0.54 (std=0.007, mean=0.013)"
PROVISIONAL,aa765b714f0a,bdh_cq,compose,n_seeds=3 < 5
HIGH VAR,aa765b714f0a,bdh_cq,compose,"cv=0.64 (std=0.003, mean=0.005)"
HIGH VAR,aa765b714f0a,bdh_cq,compose,"cv=1.16 (std=0.006, mean=0.005)"
HIGH VAR,aa765b714f0a,bdh_cq,compose,"cv=0.75 (std=0.043, mean=0.058)"
HIGH VAR,aa765b714f0a,bdh_cq,compose,"cv=0.82 (std=0.020, mean=0.024)"
HIGH VAR,aa765b714f0a,bdh_cq,compose,"cv=0.71 (std=0.054, mean=0.076)"
HIGH VAR,aa765b714f0a,bdh_cq,compose,"cv=0.73 (std=0.023, mean=0.031)"
HIGH VAR,aa765b714f0a,bdh_cq,compose,"cv=0.71 (std=0.053, mean=0.075)"
HIGH VAR,aa765b714f0a,bdh_cq,compose,"cv=0.72 (std=0.031, mean=0.044)"
HIGH VAR,aa765b714f0a,bdh_cq,compose,"cv=0.73 (std=0.047, mean=0.064)"
HIGH VAR,aa765b714f0a,bdh_cq,compose,"cv=0.71 (std=0.032, mean=0.045)"
HIGH VAR,aa765b714f0a,bdh_cq,compose,"cv=0.71 (std=0.047, mean=0.066)"
HIGH VAR,aa765b714f0a,bdh_cq,compose,"cv=0.71 (std=0.033, mean=0.047)"
HIGH VAR,aa765b714f0a,bdh_cq,compose,"cv=0.62 (std=0.052, mean=0.083)"
HIGH VAR,aa765b714f0a,bdh_cq,compose,"cv=0.65 (std=0.032, mean=0.049)"
HIGH VAR,aa765b714f0a,bdh_cq,compose,"cv=0.53 (std=0.043, mean=0.082)"
HIGH VAR,aa765b714f0a,bdh_cq,compose,"cv=0.60 (std=0.033, mean=0.055)"
HIGH VAR,aa765b714f0a,bdh_cq,compose,"cv=0.40 (std=0.036, mean=0.092)"
HIGH VAR,aa765b714f0a,bdh_cq,compose,"cv=0.37 (std=0.020, mean=0.054)"
HIGH VAR,aa765b714f0a,bdh_cq,compose,"cv=0.34 (std=0.019, mean=0.057)"
HIGH VAR,aa765b714f0a,bdh_cq,compose,"cv=0.33 (std=0.021, mean=0.063)"
HIGH VAR,aa765b714f0a,bdh_cq,compose,"cv=0.31 (std=0.019, mean=0.063)"
HIGH VAR,aa765b714f0a,bdh_cq,compose,"cv=1.41 (std=0.001, mean=0.001)"
HIGH VAR,aa765b714f0a,bdh_cq,compose,"cv=1.41 (std=0.003, mean=0.002)"
HIGH VAR,aa765b714f0a,bdh_cq,compose,"cv=1.08 (std=0.004, mean=0.004)"
HIGH VAR,aa765b714f0a,bdh_cq,compose,"cv=0.71 (std=0.036, mean=0.051)"
HIGH VAR,aa765b714f0a,bdh_cq,compose,"cv=0.86 (std=0.017, mean=0.020)"
HIGH VAR,aa765b714f0a,bdh_cq,compose,"cv=0.72 (std=0.053, mean=0.073)"
HIGH VAR,aa765b714f0a,bdh_cq,compose,"cv=0.67 (std=0.022, mean=0.033)"
HIGH VAR,aa765b714f0a,bdh_cq,compose,"cv=0.71 (std=0.055, mean=0.077)"
HIGH VAR,aa765b714f0a,bdh_cq,compose,"cv=0.71 (std=0.026, mean=0.037)"
HIGH VAR,aa765b714f0a,bdh_cq,compose,"cv=0.73 (std=0.048, mean=0.065)"
HIGH VAR,aa765b714f0a,bdh_cq,compose,"cv=0.71 (std=0.027, mean=0.038)"
HIGH VAR,aa765b714f0a,bdh_cq,compose,"cv=0.71 (std=0.050, mean=0.071)"
HIGH VAR,aa765b714f0a,bdh_cq,compose,"cv=0.72 (std=0.035, mean=0.049)"
HIGH VAR,aa765b714f0a,bdh_cq,compose,"cv=0.68 (std=0.060, mean=0.089)"
HIGH VAR,aa765b714f0a,bdh_cq,compose,"cv=0.72 (std=0.027, mean=0.038)"
HIGH VAR,aa765b714f0a,bdh_cq,compose,"cv=0.57 (std=0.048, mean=0.083)"
HIGH VAR,aa765b714f0a,bdh_cq,compose,"cv=0.57 (std=0.029, mean=0.051)"
HIGH VAR,aa765b714f0a,bdh_cq,compose,"cv=0.41 (std=0.037, mean=0.090)"
HIGH VAR,aa765b714f0a,bdh_cq,compose,"cv=0.37 (std=0.019, mean=0.051)"
HIGH VAR,aa765b714f0a,bdh_cq,compose,"cv=0.32 (std=0.032, mean=0.101)"
HIGH VAR,aa765b714f0a,bdh_cq,compose,"cv=0.40 (std=0.023, mean=0.057)"
HIGH VAR,aa765b714f0a,bdh_cq,compose,"cv=0.41 (std=0.035, mean=0.087)"
HIGH VAR,aa765b714f0a,bdh_cq,compose,"cv=0.36 (std=0.024, mean=0.068)"
HIGH VAR,aa765b714f0a,bdh_cq,compose,"cv=0.71 (std=0.001, mean=0.001)"
HIGH VAR,aa765b714f0a,bdh_cq,compose,"cv=0.57 (std=0.002, mean=0.003)"
HIGH VAR,aa765b714f0a,bdh_cq,compose,"cv=0.94 (std=0.002, mean=0.003)"
HIGH VAR,aa765b714f0a,bdh_cq,compose,"cv=1.41 (std=0.002, mean=0.001)"
HIGH VAR,aa765b714f0a,bdh_cq,compose,"cv=0.71 (std=0.002, mean=0.003)"
HIGH VAR,aa765b714f0a,bdh_cq,compose,"cv=0.82 (std=0.002, mean=0.002)"
HIGH VAR,aa765b714f0a,bdh_cq,compose,"cv=0.77 (std=0.004, mean=0.005)"
HIGH VAR,aa765b714f0a,bdh_cq,compose,"cv=0.73 (std=0.003, mean=0.005)"
HIGH VAR,aa765b714f0a,bdh_cq,compose,"cv=0.35 (std=0.002, mean=0.005)"
HIGH VAR,aa765b714f0a,bdh_cq,compose,"cv=0.88 (std=0.004, mean=0.005)"
HIGH VAR,aa765b714f0a,bdh_cq,compose,"cv=0.37 (std=0.002, mean=0.007)"
HIGH VAR,aa765b714f0a,bdh_cq,compose,"cv=0.41 (std=0.002, mean=0.004)"
HIGH VAR,aa765b714f0a,bdh_cq,compose,"cv=0.71 (std=0.003, mean=0.004)"
HIGH VAR,aa765b714f0a,bdh_cq,compose,"cv=0.46 (std=0.003, mean=0.007)"
HIGH VAR,aa765b714f0a,bdh_cq,compose,"cv=0.79 (std=0.015, mean=0.019)"
HIGH VAR,aa765b714f0a,bdh_cq,compose,"cv=0.89 (std=0.011, mean=0.012)"
HIGH VAR,aa765b714f0a,bdh_cq,compose,"cv=0.71 (std=0.018, mean=0.025)"
HIGH VAR,aa765b714f0a,bdh_cq,compose,"cv=0.72 (std=0.010, mean=0.015)"
HIGH VAR,aa765b714f0a,bdh_cq,compose,"cv=0.71 (std=0.019, mean=0.027)"
HIGH VAR,aa765b714f0a,bdh_cq,compose,"cv=0.71 (std=0.015, mean=0.021)"
HIGH VAR,aa765b714f0a,bdh_cq,compose,"cv=0.76 (std=0.029, mean=0.038)"
HIGH VAR,aa765b714f0a,bdh_cq,compose,"cv=0.76 (std=0.016, mean=0.021)"
HIGH VAR,aa765b714f0a,bdh_cq,compose,"cv=0.63 (std=0.024, mean=0.037)"
HIGH VAR,aa765b714f0a,bdh_cq,compose,"cv=0.71 (std=0.017, mean=0.023)"
HIGH VAR,aa765b714f0a,bdh_cq,compose,"cv=0.63 (std=0.026, mean=0.041)"
HIGH VAR,aa765b714f0a,bdh_cq,compose,"cv=0.71 (std=0.014, mean=0.019)"
HIGH VAR,aa765b714f0a,bdh_cq,compose,"cv=0.45 (std=0.017, mean=0.038)"
HIGH VAR,aa765b714f0a,bdh_cq,compose,"cv=0.73 (std=0.021, mean=0.029)"
HIGH VAR,aa765b714f0a,bdh_cq,compose,"cv=0.32 (std=0.015, mean=0.046)"
HIGH VAR,aa765b714f0a,bdh_cq,compose,"cv=0.68 (std=0.017, mean=0.025)"
HIGH VAR,aa765b714f0a,bdh_cq,compose,"cv=0.38 (std=0.018, mean=0.048)"
HIGH VAR,aa765b714f0a,bdh_cq,compose,"cv=0.33 (std=0.008, mean=0.025)"
HIGH VAR,aa765b714f0a,bdh_cq,compose,"cv=0.34 (std=0.010, mean=0.029)"
HIGH VAR,aa765b714f0a,bdh_cq,compose,"cv=0.91 (std=0.016, mean=0.017)"
HIGH VAR,aa765b714f0a,bdh_cq,compose,"cv=0.82 (std=0.010, mean=0.012)"
HIGH VAR,aa765b714f0a,bdh_cq,compose,"cv=0.74 (std=0.020, mean=0.027)"
HIGH VAR,aa765b714f0a,bdh_cq,compose,"cv=0.73 (std=0.009, mean=0.013)"
HIGH VAR,aa765b714f0a,bdh_cq,compose,"cv=0.71 (std=0.017, mean=0.024)"
HIGH VAR,aa765b714f0a,bdh_cq,compose,"cv=0.74 (std=0.013, mean=0.018)"
HIGH VAR,aa765b714f0a,bdh_cq,compose,"cv=0.72 (std=0.029, mean=0.040)"
HIGH VAR,aa765b714f0a,bdh_cq,compose,"cv=0.71 (std=0.010, mean=0.015)"
HIGH VAR,aa765b714f0a,bdh_cq,compose,"cv=0.64 (std=0.024, mean=0.037)"
HIGH VAR,aa765b714f0a,bdh_cq,compose,"cv=0.71 (std=0.016, mean=0.022)"
HIGH VAR,aa765b714f0a,bdh_cq,compose,"cv=0.60 (std=0.023, mean=0.039)"
HIGH VAR,aa765b714f0a,bdh_cq,compose,"cv=0.64 (std=0.012, mean=0.019)"
HIGH VAR,aa765b714f0a,bdh_cq,compose,"cv=0.53 (std=0.023, mean=0.043)"
HIGH VAR,aa765b714f0a,bdh_cq,compose,"cv=0.73 (std=0.018, mean=0.025)"
HIGH VAR,aa765b714f0a,bdh_cq,compose,"cv=0.36 (std=0.019, mean=0.053)"
HIGH VAR,aa765b714f0a,bdh_cq,compose,"cv=0.62 (std=0.014, mean=0.023)"
HIGH VAR,aa765b714f0a,bdh_cq,compose,"cv=0.38 (std=0.017, mean=0.045)"
HIGH VAR,aa765b714f0a,bdh_cq,compose,"cv=0.43 (std=0.011, mean=0.027)"
HIGH VAR,aa765b714f0a,bdh_cq,compose,"cv=0.34 (std=0.019, mean=0.056)"
HIGH VAR,aa765b714f0a,bdh_cq,compose,"cv=0.32 (std=0.018, mean=0.057)"
HIGH VAR,aa765b714f0a,bdh_cq,compose,"cv=0.44 (std=0.004, mean=0.009)"
HIGH VAR,aa765b714f0a,bdh_cq,compose,"cv=0.93 (std=0.008, mean=0.009)"
HIGH VAR,aa765b714f0a,bdh_cq,compose,"cv=0.72 (std=0.004, mean=0.006)"
HIGH VAR,aa765b714f0a,bdh_cq,compose,"cv=0.99 (std=0.007, mean=0.007)"
HIGH VAR,aa765b714f0a,bdh_cq,compose,"cv=1.03 (std=0.008, mean=0.007)"
HIGH VAR,aa765b714f0a,bdh_cq,compose,"cv=0.47 (std=0.002, mean=0.005)"
HIGH VAR,aa765b714f0a,bdh_cq,compose,"cv=0.62 (std=0.004, mean=0.007)"
HIGH VAR,aa765b714f0a,bdh_cq,compose,"cv=0.51 (std=0.003, mean=0.007)"
HIGH VAR,aa765b714f0a,bdh_cq,compose,"cv=0.77 (std=0.008, mean=0.011)"
HIGH VAR,aa765b714f0a,bdh_cq,compose,"cv=0.71 (std=0.007, mean=0.009)"
HIGH VAR,aa765b714f0a,bdh_cq,compose,"cv=0.72 (std=0.009, mean=0.012)"
HIGH VAR,aa765b714f0a,bdh_cq,compose,"cv=0.71 (std=0.012, mean=0.017)"
HIGH VAR,aa765b714f0a,bdh_cq,compose,"cv=0.67 (std=0.009, mean=0.013)"
HIGH VAR,aa765b714f0a,bdh_cq,compose,"cv=0.59 (std=0.006, mean=0.010)"
HIGH VAR,aa765b714f0a,bdh_cq,compose,"cv=0.75 (std=0.007, mean=0.010)"
HIGH VAR,aa765b714f0a,bdh_cq,compose,"cv=0.60 (std=0.007, mean=0.011)"
HIGH VAR,aa765b714f0a,bdh_cq,compose,"cv=0.79 (std=0.010, mean=0.013)"
HIGH VAR,aa765b714f0a,bdh_cq,compose,"cv=0.43 (std=0.007, mean=0.015)"
HIGH VAR,aa765b714f0a,bdh_cq,compose,"cv=0.44 (std=0.007, mean=0.016)"
HIGH VAR,aa765b714f0a,bdh_cq,compose,"cv=0.42 (std=0.007, mean=0.018)"
HIGH VAR,aa765b714f0a,bdh_cq,compose,"cv=0.47 (std=0.007, mean=0.014)"
HIGH VAR,aa765b714f0a,bdh_cq,compose,"cv=0.51 (std=0.010, mean=0.021)"
HIGH VAR,aa765b714f0a,bdh_cq,compose,"cv=0.36 (std=0.004, mean=0.012)"
HIGH VAR,aa765b714f0a,bdh_cq,compose,"cv=0.39 (std=0.007, mean=0.017)"
HIGH VAR,aa765b714f0a,bdh_cq,compose,"cv=0.45 (std=0.006, mean=0.013)"
HIGH VAR,aa765b714f0a,bdh_cq,compose,"cv=0.30 (std=0.005, mean=0.017)"
HIGH VAR,aa765b714f0a,bdh_cq,compose,"cv=0.49 (std=0.007, mean=0.013)"
HIGH VAR,aa765b714f0a,bdh_cq,compose,"cv=0.33 (std=0.006, mean=0.018)"
HIGH VAR,aa765b714f0a,bdh_cq,compose,"cv=0.47 (std=0.008, mean=0.018)"
HIGH VAR,aa765b714f0a,bdh_cq,compose,"cv=0.82 (std=0.005, mean=0.006)"
HIGH VAR,aa765b714f0a,bdh_cq,compose,"cv=0.75 (std=0.002, mean=0.003)"
HIGH VAR,aa765b714f0a,bdh_cq,compose,"cv=0.90 (std=0.007, mean=0.007)"
HIGH VAR,aa765b714f0a,bdh_cq,compose,"cv=0.71 (std=0.006, mean=0.009)"
HIGH VAR,aa765b714f0a,bdh_cq,compose,"cv=0.56 (std=0.004, mean=0.007)"
HIGH VAR,aa765b714f0a,bdh_cq,compose,"cv=0.58 (std=0.007, mean=0.011)"
HIGH VAR,aa765b714f0a,bdh_cq,compose,"cv=0.72 (std=0.008, mean=0.011)"
HIGH VAR,aa765b714f0a,bdh_cq,compose,"cv=0.71 (std=0.009, mean=0.013)"
HIGH VAR,aa765b714f0a,bdh_cq,compose,"cv=0.49 (std=0.006, mean=0.013)"
HIGH VAR,aa765b714f0a,bdh_cq,compose,"cv=0.74 (std=0.008, mean=0.011)"
HIGH VAR,aa765b714f0a,bdh_cq,compose,"cv=0.53 (std=0.008, mean=0.015)"
HIGH VAR,aa765b714f0a,bdh_cq,compose,"cv=0.61 (std=0.011, mean=0.017)"
HIGH VAR,aa765b714f0a,bdh_cq,compose,"cv=0.32 (std=0.007, mean=0.021)"
HIGH VAR,aa765b714f0a,bdh_cq,compose,"cv=0.48 (std=0.009, mean=0.018)"
HIGH VAR,aa765b714f0a,bdh_cq,compose,"cv=0.50 (std=0.010, mean=0.020)"
HIGH VAR,aa765b714f0a,bdh_cq,compose,"cv=0.46 (std=0.008, mean=0.017)"
HIGH VAR,aa765b714f0a,bdh_cq,compose,"cv=0.54 (std=0.009, mean=0.017)"
HIGH VAR,aa765b714f0a,bdh_cq,compose,"cv=0.41 (std=0.005, mean=0.012)"
HIGH VAR,aa765b714f0a,bdh_cq,compose,"cv=1.02 (std=0.003, mean=0.003)"
HIGH VAR,aa765b714f0a,bdh_cq,compose,"cv=1.41 (std=0.005, mean=0.003)"
HIGH VAR,aa765b714f0a,bdh_cq,compose,"cv=0.35 (std=0.001, mean=0.003)"
HIGH VAR,aa765b714f0a,bdh_cq,compose,"cv=0.47 (std=0.003, mean=0.006)"
PROVISIONAL,0c3b3e327762,looped_transformer,compose,n_seeds=3 < 5
HIGH VAR,0c3b3e327762,looped_transformer,compose,"cv=1.41 (std=0.001, mean=0.001)"
HIGH VAR,0c3b3e327762,looped_transformer,compose,"cv=0.71 (std=0.001, mean=0.001)"
HIGH VAR,0c3b3e327762,looped_transformer,compose,"cv=1.41 (std=0.002, mean=0.001)"
HIGH VAR,0c3b3e327762,looped_transformer,compose,"cv=0.82 (std=0.002, mean=0.002)"
PROVISIONAL,5474de1f354e,bdh,propagate,n_seeds=3 < 5
HIGH VAR,5474de1f354e,bdh,propagate,"cv=0.71 (std=0.001, mean=0.002)"
HIGH VAR,5474de1f354e,bdh,propagate,"cv=0.68 (std=0.007, mean=0.011)"
HIGH VAR,5474de1f354e,bdh,propagate,"cv=0.58 (std=0.192, mean=0.328)"
HIGH VAR,5474de1f354e,bdh,propagate,"cv=0.59 (std=0.173, mean=0.294)"
HIGH VAR,5474de1f354e,bdh,propagate,"cv=0.60 (std=0.227, mean=0.381)"
HIGH VAR,5474de1f354e,bdh,propagate,"cv=1.41 (std=0.001, mean=0.001)"
HIGH VAR,5474de1f354e,bdh,propagate,"cv=0.62 (std=0.138, mean=0.221)"
HIGH VAR,5474de1f354e,bdh,propagate,"cv=0.63 (std=0.123, mean=0.196)"
HIGH VAR,5474de1f354e,bdh,propagate,"cv=0.71 (std=0.176, mean=0.247)"
HIGH VAR,5474de1f354e,bdh,propagate,"cv=0.59 (std=0.068, mean=0.115)"
HIGH VAR,5474de1f354e,bdh,propagate,"cv=0.61 (std=0.067, mean=0.110)"
HIGH VAR,5474de1f354e,bdh,propagate,"cv=0.88 (std=0.063, mean=0.071)"
HIGH VAR,5474de1f354e,bdh,propagate,"cv=0.67 (std=0.072, mean=0.107)"
HIGH VAR,5474de1f354e,bdh,propagate,"cv=1.34 (std=0.024, mean=0.018)"
HIGH VAR,5474de1f354e,bdh,propagate,"cv=0.77 (std=0.056, mean=0.073)"
HIGH VAR,5474de1f354e,bdh,propagate,"cv=0.97 (std=0.014, mean=0.015)"
HIGH VAR,5474de1f354e,bdh,propagate,"cv=0.55 (std=0.025, mean=0.045)"
HIGH VAR,5474de1f354e,bdh,propagate,"cv=0.94 (std=0.010, mean=0.011)"
HIGH VAR,5474de1f354e,bdh,propagate,"cv=1.12 (std=0.068, mean=0.061)"
HIGH VAR,5474de1f354e,bdh,propagate,"cv=1.23 (std=0.009, mean=0.007)"
HIGH VAR,5474de1f354e,bdh,propagate,"cv=0.66 (std=0.039, mean=0.058)"
HIGH VAR,5474de1f354e,bdh,propagate,"cv=0.82 (std=0.002, mean=0.002)"
HIGH VAR,5474de1f354e,bdh,propagate,"cv=0.64 (std=0.020, mean=0.032)"
HIGH VAR,5474de1f354e,bdh,propagate,"cv=0.70 (std=0.026, mean=0.037)"
HIGH VAR,5474de1f354e,bdh,propagate,"cv=0.77 (std=0.021, mean=0.027)"
HIGH VAR,5474de1f354e,bdh,propagate,"cv=0.71 (std=0.001, mean=0.001)"
HIGH VAR,5474de1f354e,bdh,propagate,"cv=0.80 (std=0.029, mean=0.037)"
HIGH VAR,5474de1f354e,bdh,propagate,"cv=1.41 (std=0.002, mean=0.001)"
HIGH VAR,5474de1f354e,bdh,propagate,"cv=0.77 (std=0.026, mean=0.033)"
PROVISIONAL,f0b8b7c55f92,bdh_cq,propagate,n_seeds=3 < 5
HIGH VAR,f0b8b7c55f92,bdh_cq,propagate,"cv=0.67 (std=0.011, mean=0.017)"
HIGH VAR,f0b8b7c55f92,bdh_cq,propagate,"cv=0.47 (std=0.004, mean=0.008)"
HIGH VAR,f0b8b7c55f92,bdh_cq,propagate,"cv=0.35 (std=0.001, mean=0.004)"
HIGH VAR,f0b8b7c55f92,bdh_cq,propagate,"cv=0.73 (std=0.043, mean=0.058)"
HIGH VAR,f0b8b7c55f92,bdh_cq,propagate,"cv=0.86 (std=0.042, mean=0.049)"
HIGH VAR,f0b8b7c55f92,bdh_cq,propagate,"cv=0.76 (std=0.012, mean=0.016)"
HIGH VAR,f0b8b7c55f92,bdh_cq,propagate,"cv=0.38 (std=0.192, mean=0.505)"
HIGH VAR,f0b8b7c55f92,bdh_cq,propagate,"cv=0.53 (std=0.004, mean=0.007)"
HIGH VAR,f0b8b7c55f92,bdh_cq,propagate,"cv=0.40 (std=0.003, mean=0.007)"
HIGH VAR,f0b8b7c55f92,bdh_cq,propagate,"cv=0.82 (std=0.002, mean=0.003)"
HIGH VAR,f0b8b7c55f92,bdh_cq,propagate,"cv=0.46 (std=0.005, mean=0.011)"
HIGH VAR,f0b8b7c55f92,bdh_cq,propagate,"cv=1.41 (std=0.006, mean=0.004)"
HIGH VAR,f0b8b7c55f92,bdh_cq,propagate,"cv=0.76 (std=0.083, mean=0.110)"
HIGH VAR,f0b8b7c55f92,bdh_cq,propagate,"cv=0.62 (std=0.010, mean=0.016)"
HIGH VAR,f0b8b7c55f92,bdh_cq,propagate,"cv=0.41 (std=0.119, mean=0.290)"
HIGH VAR,f0b8b7c55f92,bdh_cq,propagate,"cv=0.53 (std=0.144, mean=0.271)"
HIGH VAR,f0b8b7c55f92,bdh_cq,propagate,"cv=0.61 (std=0.081, mean=0.133)"
HIGH VAR,f0b8b7c55f92,bdh_cq,propagate,"cv=1.41 (std=0.001, mean=0.001)"
HIGH VAR,f0b8b7c55f92,bdh_cq,propagate,"cv=0.71 (std=0.001, mean=0.001)"
HIGH VAR,f0b8b7c55f92,bdh_cq,propagate,"cv=0.41 (std=0.002, mean=0.004)"
HIGH VAR,f0b8b7c55f92,bdh_cq,propagate,"cv=0.41 (std=0.007, mean=0.017)"
HIGH VAR,f0b8b7c55f92,bdh_cq,propagate,"cv=0.94 (std=0.002, mean=0.003)"
HIGH VAR,f0b8b7c55f92,bdh_cq,propagate,"cv=0.30 (std=0.052, mean=0.172)"
HIGH VAR,f0b8b7c55f92,bdh_cq,propagate,"cv=0.56 (std=0.016, mean=0.028)"
HIGH VAR,f0b8b7c55f92,bdh_cq,propagate,"cv=0.42 (std=0.235, mean=0.555)"
HIGH VAR,f0b8b7c55f92,bdh_cq,propagate,"cv=0.68 (std=0.154, mean=0.228)"
HIGH VAR,f0b8b7c55f92,bdh_cq,propagate,"cv=0.82 (std=0.198, mean=0.242)"
HIGH VAR,f0b8b7c55f92,bdh_cq,propagate,"cv=0.90 (std=0.253, mean=0.281)"
HIGH VAR,f0b8b7c55f92,bdh_cq,propagate,"cv=0.91 (std=0.268, mean=0.296)"
HIGH VAR,f0b8b7c55f92,bdh_cq,propagate,"cv=0.93 (std=0.269, mean=0.290)"
HIGH VAR,f0b8b7c55f92,bdh_cq,propagate,"cv=1.00 (std=0.298, mean=0.297)"
HIGH VAR,f0b8b7c55f92,bdh_cq,propagate,"cv=0.32 (std=0.217, mean=0.684)"
HIGH VAR,f0b8b7c55f92,bdh_cq,propagate,"cv=1.02 (std=0.291, mean=0.286)"
HIGH VAR,f0b8b7c55f92,bdh_cq,propagate,"cv=1.03 (std=0.260, mean=0.253)"
HIGH VAR,f0b8b7c55f92,bdh_cq,propagate,"cv=1.11 (std=0.265, mean=0.238)"
HIGH VAR,f0b8b7c55f92,bdh_cq,propagate,"cv=1.09 (std=0.273, mean=0.249)"
HIGH VAR,f0b8b7c55f92,bdh_cq,propagate,"cv=0.48 (std=0.204, mean=0.428)"
HIGH VAR,f0b8b7c55f92,bdh_cq,propagate,"cv=0.72 (std=0.089, mean=0.125)"
HIGH VAR,f0b8b7c55f92,bdh_cq,propagate,"cv=0.82 (std=0.002, mean=0.002)"
HIGH VAR,f0b8b7c55f92,bdh_cq,propagate,"cv=1.16 (std=0.006, mean=0.005)"
HIGH VAR,f0b8b7c55f92,bdh_cq,propagate,"cv=1.41 (std=0.002, mean=0.001)"
HIGH VAR,f0b8b7c55f92,bdh_cq,propagate,"cv=0.94 (std=0.107, mean=0.113)"
HIGH VAR,f0b8b7c55f92,bdh_cq,propagate,"cv=1.19 (std=0.007, mean=0.006)"
HIGH VAR,f0b8b7c55f92,bdh_cq,propagate,"cv=0.49 (std=0.223, mean=0.452)"
HIGH VAR,f0b8b7c55f92,bdh_cq,propagate,"cv=0.76 (std=0.009, mean=0.012)"
HIGH VAR,f0b8b7c55f92,bdh_cq,propagate,"cv=0.31 (std=0.212, mean=0.684)"
HIGH VAR,f0b8b7c55f92,bdh_cq,propagate,"cv=0.83 (std=0.042, mean=0.051)"
HIGH VAR,f0b8b7c55f92,bdh_cq,propagate,"cv=0.63 (std=0.035, mean=0.056)"
HIGH VAR,f0b8b7c55f92,bdh_cq,propagate,"cv=0.83 (std=0.104, mean=0.125)"
HIGH VAR,f0b8b7c55f92,bdh_cq,propagate,"cv=0.59 (std=0.073, mean=0.124)"
HIGH VAR,f0b8b7c55f92,bdh_cq,propagate,"cv=0.91 (std=0.129, mean=0.142)"
HIGH VAR,f0b8b7c55f92,bdh_cq,propagate,"cv=0.59 (std=0.101, mean=0.171)"
HIGH VAR,f0b8b7c55f92,bdh_cq,propagate,"cv=0.60 (std=0.088, mean=0.146)"
HIGH VAR,f0b8b7c55f92,bdh_cq,propagate,"cv=0.58 (std=0.100, mean=0.174)"
HIGH VAR,f0b8b7c55f92,bdh_cq,propagate,"cv=0.64 (std=0.119, mean=0.185)"
PROVISIONAL,2d1c70257fcb,looped_transformer,propagate,n_seeds=3 < 5
HIGH VAR,2d1c70257fcb,looped_transformer,propagate,"cv=0.42 (std=0.148, mean=0.354)"
HIGH VAR,2d1c70257fcb,looped_transformer,propagate,"cv=0.32 (std=0.111, mean=0.351)"
HIGH VAR,2d1c70257fcb,looped_transformer,propagate,"cv=0.45 (std=0.108, mean=0.241)"
HIGH VAR,2d1c70257fcb,looped_transformer,propagate,"cv=0.32 (std=0.170, mean=0.523)"
HIGH VAR,2d1c70257fcb,looped_transformer,propagate,"cv=0.38 (std=0.242, mean=0.632)"
HIGH VAR,2d1c70257fcb,looped_transformer,propagate,"cv=0.36 (std=0.229, mean=0.640)"
HIGH VAR,2d1c70257fcb,looped_transformer,propagate,"cv=0.35 (std=0.202, mean=0.584)"
HIGH VAR,2d1c70257fcb,looped_transformer,propagate,"cv=0.33 (std=0.172, mean=0.525)"
HIGH VAR,2d1c70257fcb,looped_transformer,propagate,"cv=0.47 (std=0.237, mean=0.503)"
HIGH VAR,2d1c70257fcb,looped_transformer,propagate,"cv=0.64 (std=0.236, mean=0.369)"
HIGH VAR,2d1c70257fcb,looped_transformer,propagate,"cv=0.53 (std=0.026, mean=0.050)"
HIGH VAR,2d1c70257fcb,looped_transformer,propagate,"cv=1.41 (std=0.005, mean=0.003)"
HIGH VAR,2d1c70257fcb,looped_transformer,propagate,"cv=1.31 (std=0.017, mean=0.013)"
HIGH VAR,2d1c70257fcb,looped_transformer,propagate,"cv=0.82 (std=0.002, mean=0.002)"
HIGH VAR,2d1c70257fcb,looped_transformer,propagate,"cv=0.88 (std=0.005, mean=0.005)"
HIGH VAR,2d1c70257fcb,looped_transformer,propagate,"cv=1.41 (std=0.002, mean=0.001)"
HIGH VAR,2d1c70257fcb,looped_transformer,propagate,"cv=1.02 (std=0.003, mean=0.003)"
HIGH VAR,2d1c70257fcb,looped_transformer,propagate,"cv=1.41 (std=0.004, mean=0.003)"
HIGH VAR,2d1c70257fcb,looped_transformer,propagate,"cv=1.41 (std=0.001, mean=0.001)"
HIGH VAR,2d1c70257fcb,looped_transformer,propagate,"cv=0.75 (std=0.002, mean=0.003)"
HIGH VAR,2d1c70257fcb,looped_transformer,propagate,"cv=0.40 (std=0.002, mean=0.005)"
HIGH VAR,2d1c70257fcb,looped_transformer,propagate,"cv=0.73 (std=0.003, mean=0.005)"
HIGH VAR,2d1c70257fcb,looped_transformer,propagate,"cv=0.47 (std=0.003, mean=0.006)"
HIGH VAR,2d1c70257fcb,looped_transformer,propagate,"cv=0.62 (std=0.004, mean=0.007)"
HIGH VAR,2d1c70257fcb,looped_transformer,propagate,"cv=0.83 (std=0.030, mean=0.036)"
HIGH VAR,2d1c70257fcb,looped_transformer,propagate,"cv=0.44 (std=0.073, mean=0.164)"
HIGH VAR,2d1c70257fcb,looped_transformer,propagate,"cv=0.62 (std=0.033, mean=0.053)"
HIGH VAR,2d1c70257fcb,looped_transformer,propagate,"cv=0.38 (std=0.049, mean=0.129)"
HIGH VAR,2d1c70257fcb,looped_transformer,propagate,"cv=0.66 (std=0.014, mean=0.021)"
HIGH VAR,2d1c70257fcb,looped_transformer,propagate,"cv=0.38 (std=0.030, mean=0.078)"
HIGH VAR,2d1c70257fcb,looped_transformer,propagate,"cv=0.94 (std=0.002, mean=0.003)"
HIGH VAR,2d1c70257fcb,looped_transformer,propagate,"cv=0.53 (std=0.028, mean=0.053)"
HIGH VAR,2d1c70257fcb,looped_transformer,propagate,"cv=1.41 (std=0.003, mean=0.002)"
HIGH VAR,2d1c70257fcb,looped_transformer,propagate,"cv=0.85 (std=0.040, mean=0.047)"
HIGH VAR,2d1c70257fcb,looped_transformer,propagate,"cv=0.47 (std=0.014, mean=0.030)"
HIGH VAR,2d1c70257fcb,looped_transformer,propagate,"cv=0.50 (std=0.023, mean=0.046)"
HIGH VAR,2d1c70257fcb,looped_transformer,propagate,"cv=0.71 (std=0.044, mean=0.062)"
HIGH VAR,2d1c70257fcb,looped_transformer,propagate,"cv=0.39 (std=0.015, mean=0.039)"
HIGH VAR,2d1c70257fcb,looped_transformer,propagate,"cv=0.42 (std=0.019, mean=0.045)"
HIGH VAR,2d1c70257fcb,looped_transformer,propagate,"cv=0.45 (std=0.025, mean=0.057)"
HIGH VAR,2d1c70257fcb,looped_transformer,propagate,"cv=0.63 (std=0.040, mean=0.064)"
HIGH VAR,2d1c70257fcb,looped_transformer,propagate,"cv=0.59 (std=0.041, mean=0.071)"
HIGH VAR,2d1c70257fcb,looped_transformer,propagate,"cv=0.75 (std=0.043, mean=0.058)"
HIGH VAR,2d1c70257fcb,looped_transformer,propagate,"cv=0.82 (std=0.047, mean=0.057)"
HIGH VAR,2d1c70257fcb,looped_transformer,propagate,"cv=0.47 (std=0.035, mean=0.076)"
HIGH VAR,2d1c70257fcb,looped_transformer,propagate,"cv=0.72 (std=0.019, mean=0.027)"
HIGH VAR,2d1c70257fcb,looped_transformer,propagate,"cv=0.61 (std=0.048, mean=0.079)"
HIGH VAR,2d1c70257fcb,looped_transformer,propagate,"cv=0.48 (std=0.009, mean=0.019)"
HIGH VAR,2d1c70257fcb,looped_transformer,propagate,"cv=0.73 (std=0.055, mean=0.075)"
HIGH VAR,2d1c70257fcb,looped_transformer,propagate,"cv=0.32 (std=0.004, mean=0.013)"
HIGH VAR,2d1c70257fcb,looped_transformer,propagate,"cv=0.97 (std=0.012, mean=0.013)"
HIGH VAR,2d1c70257fcb,looped_transformer,propagate,"cv=0.85 (std=0.023, mean=0.027)"
HIGH VAR,2d1c70257fcb,looped_transformer,propagate,"cv=0.71 (std=0.009, mean=0.013)"
HIGH VAR,2d1c70257fcb,looped_transformer,propagate,"cv=0.71 (std=0.004, mean=0.005)"
HIGH VAR,2d1c70257fcb,looped_transformer,propagate,"cv=0.51 (std=0.037, mean=0.072)"
HIGH VAR,2d1c70257fcb,looped_transformer,propagate,"cv=1.08 (std=0.004, mean=0.004)"
HIGH VAR,2d1c70257fcb,looped_transformer,propagate,"cv=0.47 (std=0.025, mean=0.054)"
HIGH VAR,2d1c70257fcb,looped_transformer,propagate,"cv=0.94 (std=0.044, mean=0.047)"
HIGH VAR,2d1c70257fcb,looped_transformer,propagate,"cv=0.59 (std=0.047, mean=0.080)"
HIGH VAR,2d1c70257fcb,looped_transformer,propagate,"cv=0.43 (std=0.038, mean=0.089)"
HIGH VAR,2d1c70257fcb,looped_transformer,propagate,"cv=0.49 (std=0.057, mean=0.116)"
HIGH VAR,2d1c70257fcb,looped_transformer,propagate,"cv=0.46 (std=0.055, mean=0.121)"
HIGH VAR,2d1c70257fcb,looped_transformer,propagate,"cv=0.43 (std=0.059, mean=0.137)"
HIGH VAR,2d1c70257fcb,looped_transformer,propagate,"cv=0.63 (std=0.066, mean=0.105)"
HIGH VAR,2d1c70257fcb,looped_transformer,propagate,"cv=0.62 (std=0.068, mean=0.110)"
HIGH VAR,2d1c70257fcb,looped_transformer,propagate,"cv=0.50 (std=0.019, mean=0.038)"
AT_CHANCE,0c3b3e327762,looped_transformer,compose,final train loss 8.329 is within 3% of ln(vocab)=8.326: the run learned nothing
AT_CHANCE,0c3b3e327762,looped_transformer,compose,final train loss 8.332 is within 3% of ln(vocab)=8.326: the run learned nothing
AT_CHANCE,0c3b3e327762,looped_transformer,compose,final train loss 8.281 is within 3% of ln(vocab)=8.326: the run learned nothing
AT_CHANCE,aa765b714f0a,bdh_cq,compose,final train loss 8.147 is within 3% of ln(vocab)=8.326: the run learned nothing
