model,arm,config_hash,recurrence_kind,task,split,difficulty,reasoning_steps,n_seeds,cos_last,cos_last_vs_seed,cos_min_after_first,token_acc,exact_match
bdh,bdh/plain,5474de1f354e,plain,propagate,interp,"{""dim"": 1, ""distance"": 1, ""length"": 12, ""n_sources"": 1}",1,3,0.21434473184247813,0.0,0.21434473184247813,1.0,1.0
bdh,bdh/plain,5474de1f354e,plain,propagate,interp,"{""dim"": 1, ""distance"": 1, ""length"": 12, ""n_sources"": 1}",2,3,0.21434473184247813,0.0,0.21434473184247813,1.0,1.0
bdh,bdh/plain,5474de1f354e,plain,propagate,interp,"{""dim"": 1, ""distance"": 1, ""length"": 12, ""n_sources"": 1}",4,3,0.21434473184247813,0.0,0.21434473184247813,1.0,1.0
bdh,bdh/plain,5474de1f354e,plain,propagate,interp,"{""dim"": 1, ""distance"": 1, ""length"": 12, ""n_sources"": 1}",8,3,0.20596118178218603,0.0,0.20596118178218603,1.0,1.0
bdh,bdh/plain,5474de1f354e,plain,propagate,interp,"{""dim"": 1, ""distance"": 1, ""length"": 12, ""n_sources"": 1}",16,3,0.21434473184247813,0.0,0.21434473184247813,1.0,1.0
bdh,bdh/plain,5474de1f354e,plain,propagate,interp,"{""dim"": 1, ""distance"": 1, ""length"": 12, ""n_sources"": 1}",32,3,0.20596118178218603,0.0,0.20596118178218603,1.0,1.0
bdh,bdh/plain,5474de1f354e,plain,propagate,interp,"{""dim"": 1, ""distance"": 2, ""length"": 12, ""n_sources"": 1}",1,3,0.21333063145478567,0.0,0.21333063145478567,1.0,1.0
bdh,bdh/plain,5474de1f354e,plain,propagate,interp,"{""dim"": 1, ""distance"": 2, ""length"": 12, ""n_sources"": 1}",2,3,0.21333063145478567,0.0,0.21333063145478567,1.0,1.0
bdh,bdh/plain,5474de1f354e,plain,propagate,interp,"{""dim"": 1, ""distance"": 2, ""length"": 12, ""n_sources"": 1}",4,3,0.21333063145478567,0.0,0.21333063145478567,1.0,1.0
bdh,bdh/plain,5474de1f354e,plain,propagate,interp,"{""dim"": 1, ""distance"": 2, ""length"": 12, ""n_sources"": 1}",8,3,0.21033594912538925,0.0,0.21033594912538925,1.0,1.0
bdh,bdh/plain,5474de1f354e,plain,propagate,interp,"{""dim"": 1, ""distance"": 2, ""length"": 12, ""n_sources"": 1}",16,3,0.21333063145478567,0.0,0.21333063145478567,1.0,1.0
bdh,bdh/plain,5474de1f354e,plain,propagate,interp,"{""dim"": 1, ""distance"": 2, ""length"": 12, ""n_sources"": 1}",32,3,0.21033594912538925,0.0,0.21033594912538925,1.0,1.0
bdh,bdh/plain,5474de1f354e,plain,propagate,interp,"{""dim"": 1, ""distance"": 4, ""length"": 12, ""n_sources"": 1}",1,3,0.21159881663819155,0.0,0.21159881663819155,1.0,1.0
bdh,bdh/plain,5474de1f354e,plain,propagate,interp,"{""dim"": 1, ""distance"": 4, ""length"": 12, ""n_sources"": 1}",2,3,0.21159881663819155,0.0,0.21159881663819155,1.0,1.0
bdh,bdh/plain,5474de1f354e,plain,propagate,interp,"{""dim"": 1, ""distance"": 4, ""length"": 12, ""n_sources"": 1}",4,3,0.21159881663819155,0.0,0.21159881663819155,1.0,1.0
bdh,bdh/plain,5474de1f354e,plain,propagate,interp,"{""dim"": 1, ""distance"": 4, ""length"": 12, ""n_sources"": 1}",8,3,0.2084648103142778,0.0,0.2084648103142778,1.0,1.0
bdh,bdh/plain,5474de1f354e,plain,propagate,interp,"{""dim"": 1, ""distance"": 4, ""length"": 12, ""n_sources"": 1}",16,3,0.21159881663819155,0.0,0.21159881663819155,1.0,1.0
bdh,bdh/plain,5474de1f354e,plain,propagate,interp,"{""dim"": 1, ""distance"": 4, ""length"": 12, ""n_sources"": 1}",32,3,0.2084648103142778,0.0,0.2084648103142778,1.0,1.0
bdh,bdh/plain,5474de1f354e,plain,propagate,mild,"{""dim"": 1, ""distance"": 6, ""length"": 12, ""n_sources"": 1}",1,3,0.20696878992021084,0.0,0.20696878992021084,0.79666666273276,0.03333333333333333
bdh,bdh/plain,5474de1f354e,plain,propagate,mild,"{""dim"": 1, ""distance"": 6, ""length"": 12, ""n_sources"": 1}",2,3,0.20696878992021084,0.0,0.20696878992021084,0.79666666273276,0.03333333333333333
bdh,bdh/plain,5474de1f354e,plain,propagate,mild,"{""dim"": 1, ""distance"": 6, ""length"": 12, ""n_sources"": 1}",4,3,0.20696878992021084,0.0,0.20696878992021084,0.79666666273276,0.03333333333333333
bdh,bdh/plain,5474de1f354e,plain,propagate,mild,"{""dim"": 1, ""distance"": 6, ""length"": 12, ""n_sources"": 1}",8,3,0.2081176332818965,0.0,0.2081176332818965,0.79666666273276,0.03333333333333333
bdh,bdh/plain,5474de1f354e,plain,propagate,mild,"{""dim"": 1, ""distance"": 6, ""length"": 12, ""n_sources"": 1}",16,3,0.20696878992021084,0.0,0.20696878992021084,0.79666666273276,0.03333333333333333
bdh,bdh/plain,5474de1f354e,plain,propagate,mild,"{""dim"": 1, ""distance"": 6, ""length"": 12, ""n_sources"": 1}",32,3,0.2081176332818965,0.0,0.2081176332818965,0.79666666273276,0.03333333333333333
bdh,bdh/plain,5474de1f354e,plain,propagate,mild,"{""dim"": 1, ""distance"": 8, ""length"": 12, ""n_sources"": 1}",1,3,0.21460391456882158,0.0,0.21460391456882158,0.7696666644016901,0.0013333333333333333
bdh,bdh/plain,5474de1f354e,plain,propagate,mild,"{""dim"": 1, ""distance"": 8, ""length"": 12, ""n_sources"": 1}",2,3,0.21460391456882158,0.0,0.21460391456882158,0.7696666644016901,0.0013333333333333333
bdh,bdh/plain,5474de1f354e,plain,propagate,mild,"{""dim"": 1, ""distance"": 8, ""length"": 12, ""n_sources"": 1}",4,3,0.21460391456882158,0.0,0.21460391456882158,0.7696666644016901,0.0013333333333333333
bdh,bdh/plain,5474de1f354e,plain,propagate,mild,"{""dim"": 1, ""distance"": 8, ""length"": 12, ""n_sources"": 1}",8,3,0.21099376678466797,0.0,0.21099376678466797,0.7696666644016901,0.0013333333333333333
bdh,bdh/plain,5474de1f354e,plain,propagate,mild,"{""dim"": 1, ""distance"": 8, ""length"": 12, ""n_sources"": 1}",16,3,0.21460391456882158,0.0,0.21460391456882158,0.7696666644016901,0.0013333333333333333
bdh,bdh/plain,5474de1f354e,plain,propagate,mild,"{""dim"": 1, ""distance"": 8, ""length"": 12, ""n_sources"": 1}",32,3,0.21099376678466797,0.0,0.21099376678466797,0.7696666644016901,0.0013333333333333333
bdh,bdh/plain,5474de1f354e,plain,propagate,strong,"{""dim"": 1, ""distance"": 12, ""length"": 48, ""n_sources"": 1}",1,3,0.4189560165007909,0.0,0.4189560165007909,0.7658333288033803,0.0
bdh,bdh/plain,5474de1f354e,plain,propagate,strong,"{""dim"": 1, ""distance"": 12, ""length"": 48, ""n_sources"": 1}",2,3,0.4189560165007909,0.0,0.4189560165007909,0.7658333288033803,0.0
bdh,bdh/plain,5474de1f354e,plain,propagate,strong,"{""dim"": 1, ""distance"": 12, ""length"": 48, ""n_sources"": 1}",4,3,0.4189560165007909,0.0,0.4189560165007909,0.7658333288033803,0.0
bdh,bdh/plain,5474de1f354e,plain,propagate,strong,"{""dim"": 1, ""distance"": 12, ""length"": 48, ""n_sources"": 1}",8,3,0.4251038699100415,0.0,0.4251038699100415,0.7658333288033803,0.0
bdh,bdh/plain,5474de1f354e,plain,propagate,strong,"{""dim"": 1, ""distance"": 12, ""length"": 48, ""n_sources"": 1}",16,3,0.4189560165007909,0.0,0.4189560165007909,0.7658333288033803,0.0
bdh,bdh/plain,5474de1f354e,plain,propagate,strong,"{""dim"": 1, ""distance"": 12, ""length"": 48, ""n_sources"": 1}",32,3,0.4251038699100415,0.0,0.4251038699100415,0.7658333288033803,0.0
bdh,bdh/plain,5474de1f354e,plain,propagate,strong,"{""dim"": 1, ""distance"": 24, ""length"": 48, ""n_sources"": 1}",1,3,0.4231753908097744,0.0,0.4231753908097744,0.6361388892134031,0.0
bdh,bdh/plain,5474de1f354e,plain,propagate,strong,"{""dim"": 1, ""distance"": 24, ""length"": 48, ""n_sources"": 1}",2,3,0.4231753908097744,0.0,0.4231753908097744,0.6361388892134031,0.0
bdh,bdh/plain,5474de1f354e,plain,propagate,strong,"{""dim"": 1, ""distance"": 24, ""length"": 48, ""n_sources"": 1}",4,3,0.4231753908097744,0.0,0.4231753908097744,0.6361388892134031,0.0
bdh,bdh/plain,5474de1f354e,plain,propagate,strong,"{""dim"": 1, ""distance"": 24, ""length"": 48, ""n_sources"": 1}",8,3,0.41963472714026767,0.0,0.41963472714026767,0.6361388892134031,0.0
bdh,bdh/plain,5474de1f354e,plain,propagate,strong,"{""dim"": 1, ""distance"": 24, ""length"": 48, ""n_sources"": 1}",16,3,0.4231753908097744,0.0,0.4231753908097744,0.6361388892134031,0.0
bdh,bdh/plain,5474de1f354e,plain,propagate,strong,"{""dim"": 1, ""distance"": 24, ""length"": 48, ""n_sources"": 1}",32,3,0.41963472714026767,0.0,0.41963472714026767,0.6361388892134031,0.0
bdh_cq,bdh_cq/attn_residual,9b4bca1a63ee,attn_residual,propagate,interp,"{""dim"": 1, ""distance"": 1, ""length"": 12, ""n_sources"": 1}",1,3,0.28621084730063256,1.0,0.28621084730063256,0.9996673320819757,0.9960079840319361
bdh_cq,bdh_cq/attn_residual,9b4bca1a63ee,attn_residual,propagate,interp,"{""dim"": 1, ""distance"": 1, ""length"": 12, ""n_sources"": 1}",2,3,0.9430984382828077,0.0,0.9430984382828077,0.9997504990614816,0.9970059880239521
bdh_cq,bdh_cq/attn_residual,9b4bca1a63ee,attn_residual,propagate,interp,"{""dim"": 1, ""distance"": 1, ""length"": 12, ""n_sources"": 1}",4,3,0.9950841764609019,0.0,0.93003282447656,0.9996673320819754,0.9960079840319361
bdh_cq,bdh_cq/attn_residual,9b4bca1a63ee,attn_residual,propagate,interp,"{""dim"": 1, ""distance"": 1, ""length"": 12, ""n_sources"": 1}",8,3,0.9944829177111387,0.0,0.9145189709961414,0.644627407371641,0.0
bdh_cq,bdh_cq/attn_residual,9b4bca1a63ee,attn_residual,propagate,interp,"{""dim"": 1, ""distance"": 1, ""length"": 12, ""n_sources"": 1}",16,3,0.9997404366731644,0.0,0.93003282447656,0.6925316012488629,0.0
bdh_cq,bdh_cq/attn_residual,9b4bca1a63ee,attn_residual,propagate,interp,"{""dim"": 1, ""distance"": 1, ""length"": 12, ""n_sources"": 1}",32,3,0.9994927116980156,0.0,0.9145189709961414,0.535013306752115,0.0
bdh_cq,bdh_cq/attn_residual,9b4bca1a63ee,attn_residual,propagate,interp,"{""dim"": 1, ""distance"": 2, ""length"": 12, ""n_sources"": 1}",1,3,0.2799485958336542,1.0,0.2799485958336542,1.0,1.0
bdh_cq,bdh_cq/attn_residual,9b4bca1a63ee,attn_residual,propagate,interp,"{""dim"": 1, ""distance"": 2, ""length"": 12, ""n_sources"": 1}",2,3,0.941874640683333,0.0,0.941874640683333,0.9994160828886328,0.9929929929929929
bdh_cq,bdh_cq/attn_residual,9b4bca1a63ee,attn_residual,propagate,interp,"{""dim"": 1, ""distance"": 2, ""length"": 12, ""n_sources"": 1}",4,3,0.9948142642776171,0.0,0.9288786624868711,0.9999165832698047,0.998998998998999
bdh_cq,bdh_cq/attn_residual,9b4bca1a63ee,attn_residual,propagate,interp,"{""dim"": 1, ""distance"": 2, ""length"": 12, ""n_sources"": 1}",8,3,0.9945658364643654,0.0,0.9290125239640474,0.677093758925542,0.0
bdh_cq,bdh_cq/attn_residual,9b4bca1a63ee,attn_residual,propagate,interp,"{""dim"": 1, ""distance"": 2, ""length"": 12, ""n_sources"": 1}",16,3,0.9997246041893959,0.0,0.9288786624868711,0.6796796757418352,0.0
bdh_cq,bdh_cq/attn_residual,9b4bca1a63ee,attn_residual,propagate,interp,"{""dim"": 1, ""distance"": 2, ""length"": 12, ""n_sources"": 1}",32,3,0.9989925927172104,0.0,0.9290125239640474,0.5619786449216746,0.0
bdh_cq,bdh_cq/attn_residual,9b4bca1a63ee,attn_residual,propagate,interp,"{""dim"": 1, ""distance"": 4, ""length"": 12, ""n_sources"": 1}",1,3,0.3777470118366182,1.0,0.3777470118366182,1.0,1.0
bdh_cq,bdh_cq/attn_residual,9b4bca1a63ee,attn_residual,propagate,interp,"{""dim"": 1, ""distance"": 4, ""length"": 12, ""n_sources"": 1}",2,3,0.9329013427098592,0.0,0.9329013427098592,1.0,1.0
bdh_cq,bdh_cq/attn_residual,9b4bca1a63ee,attn_residual,propagate,interp,"{""dim"": 1, ""distance"": 4, ""length"": 12, ""n_sources"": 1}",4,3,0.9944753323992094,0.0,0.9181255425016085,1.0,1.0
bdh_cq,bdh_cq/attn_residual,9b4bca1a63ee,attn_residual,propagate,interp,"{""dim"": 1, ""distance"": 4, ""length"": 12, ""n_sources"": 1}",8,3,0.9939918878177801,0.0,0.931994658584396,0.716966966400156,0.0
bdh_cq,bdh_cq/attn_residual,9b4bca1a63ee,attn_residual,propagate,interp,"{""dim"": 1, ""distance"": 4, ""length"": 12, ""n_sources"": 1}",16,3,0.9997763608892759,0.0,0.9181255425016085,0.7423256505896022,0.0
bdh_cq,bdh_cq/attn_residual,9b4bca1a63ee,attn_residual,propagate,interp,"{""dim"": 1, ""distance"": 4, ""length"": 12, ""n_sources"": 1}",32,3,0.9993267518778642,0.0,0.931994658584396,0.6614948268364499,0.0
bdh_cq,bdh_cq/attn_residual,9b4bca1a63ee,attn_residual,propagate,mild,"{""dim"": 1, ""distance"": 6, ""length"": 12, ""n_sources"": 1}",1,3,0.30273185336651903,1.0,0.30273185336651903,0.9449444518089295,0.4673333333333334
bdh_cq,bdh_cq/attn_residual,9b4bca1a63ee,attn_residual,propagate,mild,"{""dim"": 1, ""distance"": 6, ""length"": 12, ""n_sources"": 1}",2,3,0.9427651638785998,0.0,0.9427651638785998,0.9741111147403716,0.7360000000000001
bdh_cq,bdh_cq/attn_residual,9b4bca1a63ee,attn_residual,propagate,mild,"{""dim"": 1, ""distance"": 6, ""length"": 12, ""n_sources"": 1}",4,3,0.9955393274625143,0.0,0.9289810036619505,0.8891666703224183,0.08800000000000001
bdh_cq,bdh_cq/attn_residual,9b4bca1a63ee,attn_residual,propagate,mild,"{""dim"": 1, ""distance"": 6, ""length"": 12, ""n_sources"": 1}",8,3,0.9944215894987186,0.0,0.9298246279358864,0.842388875802358,0.0
bdh_cq,bdh_cq/attn_residual,9b4bca1a63ee,attn_residual,propagate,mild,"{""dim"": 1, ""distance"": 6, ""length"": 12, ""n_sources"": 1}",16,3,0.9997616410255432,0.0,0.9289810036619505,0.7691111047267913,0.0
bdh_cq,bdh_cq/attn_residual,9b4bca1a63ee,attn_residual,propagate,mild,"{""dim"": 1, ""distance"": 6, ""length"": 12, ""n_sources"": 1}",32,3,0.999195504312714,0.0,0.9298246279358864,0.723722219745318,0.0
bdh_cq,bdh_cq/attn_residual,9b4bca1a63ee,attn_residual,propagate,mild,"{""dim"": 1, ""distance"": 8, ""length"": 12, ""n_sources"": 1}",1,3,0.35056164565806586,1.0,0.35056164565806586,0.8737777816255887,0.16533333333333333
bdh_cq,bdh_cq/attn_residual,9b4bca1a63ee,attn_residual,propagate,mild,"{""dim"": 1, ""distance"": 8, ""length"": 12, ""n_sources"": 1}",2,3,0.9528356492519379,0.0,0.9528356492519379,0.8692222267389297,0.07466666666666667
bdh_cq,bdh_cq/attn_residual,9b4bca1a63ee,attn_residual,propagate,mild,"{""dim"": 1, ""distance"": 8, ""length"": 12, ""n_sources"": 1}",4,3,0.9958382894595464,0.0,0.9406243562698364,0.8180555426279703,0.0
bdh_cq,bdh_cq/attn_residual,9b4bca1a63ee,attn_residual,propagate,mild,"{""dim"": 1, ""distance"": 8, ""length"": 12, ""n_sources"": 1}",8,3,0.9954692218452692,0.0,0.9373793372263511,0.82838887099425,0.0
bdh_cq,bdh_cq/attn_residual,9b4bca1a63ee,attn_residual,propagate,mild,"{""dim"": 1, ""distance"": 8, ""length"": 12, ""n_sources"": 1}",16,3,0.9997343694170316,0.0,0.9406243562698364,0.7724444371461869,0.0
bdh_cq,bdh_cq/attn_residual,9b4bca1a63ee,attn_residual,propagate,mild,"{""dim"": 1, ""distance"": 8, ""length"": 12, ""n_sources"": 1}",32,3,0.9989427303274473,0.0,0.9373793372263511,0.7599444410006205,0.0
bdh_cq,bdh_cq/attn_residual,9b4bca1a63ee,attn_residual,propagate,strong,"{""dim"": 1, ""distance"": 12, ""length"": 48, ""n_sources"": 1}",1,3,0.6150372895256927,1.0,0.6150372895256927,0.8155833296577134,0.0
bdh_cq,bdh_cq/attn_residual,9b4bca1a63ee,attn_residual,propagate,strong,"{""dim"": 1, ""distance"": 12, ""length"": 48, ""n_sources"": 1}",2,3,0.8001366754372915,0.0,0.8001366754372915,0.8116805531084538,0.0
bdh_cq,bdh_cq/attn_residual,9b4bca1a63ee,attn_residual,propagate,strong,"{""dim"": 1, ""distance"": 12, ""length"": 48, ""n_sources"": 1}",4,3,0.9879736055930456,0.0,0.7782564001778761,0.8069999988277754,0.0
bdh_cq,bdh_cq/attn_residual,9b4bca1a63ee,attn_residual,propagate,strong,"{""dim"": 1, ""distance"": 12, ""length"": 48, ""n_sources"": 1}",8,3,0.9982066365579764,0.0,0.7545765183555583,0.8202777762860061,0.0
bdh_cq,bdh_cq/attn_residual,9b4bca1a63ee,attn_residual,propagate,strong,"{""dim"": 1, ""distance"": 12, ""length"": 48, ""n_sources"": 1}",16,3,0.9995366285244623,0.0,0.7782564001778761,0.8207638870477677,0.0
bdh_cq,bdh_cq/attn_residual,9b4bca1a63ee,attn_residual,propagate,strong,"{""dim"": 1, ""distance"": 12, ""length"": 48, ""n_sources"": 1}",32,3,0.999933478112022,0.0,0.7545765183555583,0.7917083312521379,0.0
bdh_cq,bdh_cq/attn_residual,9b4bca1a63ee,attn_residual,propagate,strong,"{""dim"": 1, ""distance"": 24, ""length"": 48, ""n_sources"": 1}",1,3,0.5859552727391323,1.0,0.5859552727391323,0.7540694440255562,0.0
bdh_cq,bdh_cq/attn_residual,9b4bca1a63ee,attn_residual,propagate,strong,"{""dim"": 1, ""distance"": 24, ""length"": 48, ""n_sources"": 1}",2,3,0.8265325551231703,0.0,0.8265325551231703,0.7538333327944081,0.0
bdh_cq,bdh_cq/attn_residual,9b4bca1a63ee,attn_residual,propagate,strong,"{""dim"": 1, ""distance"": 24, ""length"": 48, ""n_sources"": 1}",4,3,0.9918168360988299,0.0,0.8110323150952657,0.7537916661451259,0.0
bdh_cq,bdh_cq/attn_residual,9b4bca1a63ee,attn_residual,propagate,strong,"{""dim"": 1, ""distance"": 24, ""length"": 48, ""n_sources"": 1}",8,3,0.9980618221064409,0.0,0.7920132537061969,0.7796944446563722,0.0
bdh_cq,bdh_cq/attn_residual,9b4bca1a63ee,attn_residual,propagate,strong,"{""dim"": 1, ""distance"": 24, ""length"": 48, ""n_sources"": 1}",16,3,0.9991060743729273,0.0,0.8110323150952657,0.7890416649977366,0.0
bdh_cq,bdh_cq/attn_residual,9b4bca1a63ee,attn_residual,propagate,strong,"{""dim"": 1, ""distance"": 24, ""length"": 48, ""n_sources"": 1}",32,3,0.9999082914243141,0.0,0.7920132537061969,0.7742222198645274,0.0
bdh_cq,bdh_cq/attn_residual,a976f5e26896,attn_residual,propagate,interp,"{""dim"": 1, ""distance"": 1, ""length"": 12, ""n_sources"": 1}",1,1,0.7426310256123543,1.0,0.7426310256123543,0.8208955090437362,0.0
bdh_cq,bdh_cq/attn_residual,a976f5e26896,attn_residual,propagate,interp,"{""dim"": 1, ""distance"": 1, ""length"": 12, ""n_sources"": 1}",4,1,0.9996579065918922,0.0,0.9939878508448601,0.8059701350197863,0.0
bdh_cq,bdh_cq/attn_residual,a976f5e26896,attn_residual,propagate,interp,"{""dim"": 1, ""distance"": 1, ""length"": 12, ""n_sources"": 1}",8,1,0.99985196813941,0.0,0.9929473418742418,0.7860696364694567,0.0
bdh_cq,bdh_cq/attn_residual,a976f5e26896,attn_residual,propagate,interp,"{""dim"": 1, ""distance"": 1, ""length"": 12, ""n_sources"": 1}",32,1,0.9999208636581898,0.0,0.9929473418742418,0.7624378044213822,0.0
bdh_cq,bdh_cq/attn_residual,a976f5e26896,attn_residual,propagate,interp,"{""dim"": 1, ""distance"": 2, ""length"": 12, ""n_sources"": 1}",1,1,0.7210488691926003,1.0,0.7210488691926003,0.8184079438892763,0.0
bdh_cq,bdh_cq/attn_residual,a976f5e26896,attn_residual,propagate,interp,"{""dim"": 1, ""distance"": 2, ""length"": 12, ""n_sources"": 1}",4,1,0.9996457695960999,0.0,0.9930462390184402,0.8121890407889637,0.0
bdh_cq,bdh_cq/attn_residual,a976f5e26896,attn_residual,propagate,interp,"{""dim"": 1, ""distance"": 2, ""length"": 12, ""n_sources"": 1}",8,1,0.9998192191123962,0.0,0.9933507777750492,0.794776107393094,0.0
bdh_cq,bdh_cq/attn_residual,a976f5e26896,attn_residual,propagate,interp,"{""dim"": 1, ""distance"": 2, ""length"": 12, ""n_sources"": 1}",32,1,0.9999201577156782,0.0,0.9933507777750492,0.7587064586913408,0.0
bdh_cq,bdh_cq/attn_residual,a976f5e26896,attn_residual,propagate,interp,"{""dim"": 1, ""distance"": 4, ""length"": 12, ""n_sources"": 1}",1,1,0.7173697799444199,1.0,0.7173697799444199,0.8093434229041591,0.0
bdh_cq,bdh_cq/attn_residual,a976f5e26896,attn_residual,propagate,interp,"{""dim"": 1, ""distance"": 4, ""length"": 12, ""n_sources"": 1}",4,1,0.9996889978647232,0.0,0.9942095950245857,0.8118686730211432,0.0
bdh_cq,bdh_cq/attn_residual,a976f5e26896,attn_residual,propagate,interp,"{""dim"": 1, ""distance"": 4, ""length"": 12, ""n_sources"": 1}",8,1,0.9998269379138947,0.0,0.9940561018884182,0.7752525124585989,0.0
bdh_cq,bdh_cq/attn_residual,a976f5e26896,attn_residual,propagate,interp,"{""dim"": 1, ""distance"": 4, ""length"": 12, ""n_sources"": 1}",32,1,0.9999221973121166,0.0,0.9940561018884182,0.7891414002938704,0.0
bdh_cq,bdh_cq/attn_residual,a976f5e26896,attn_residual,propagate,mild,"{""dim"": 1, ""distance"": 6, ""length"": 12, ""n_sources"": 1}",1,1,0.7236957177519798,1.0,0.7236957177519798,0.8074999874830247,0.0
bdh_cq,bdh_cq/attn_residual,a976f5e26896,attn_residual,propagate,mild,"{""dim"": 1, ""distance"": 6, ""length"": 12, ""n_sources"": 1}",4,1,0.9995338693261147,0.0,0.9895959794521332,0.814166652560234,0.0
bdh_cq,bdh_cq/attn_residual,a976f5e26896,attn_residual,propagate,mild,"{""dim"": 1, ""distance"": 6, ""length"": 12, ""n_sources"": 1}",8,1,0.9998243041336536,0.0,0.992431016638875,0.7908333203196526,0.0
bdh_cq,bdh_cq/attn_residual,a976f5e26896,attn_residual,propagate,mild,"{""dim"": 1, ""distance"": 6, ""length"": 12, ""n_sources"": 1}",32,1,0.9999272506684065,0.0,0.992431016638875,0.7866666555404663,0.0
bdh_cq,bdh_cq/attn_residual,a976f5e26896,attn_residual,propagate,mild,"{""dim"": 1, ""distance"": 8, ""length"": 12, ""n_sources"": 1}",1,1,0.695480965077877,1.0,0.695480965077877,0.7949999886751175,0.0
bdh_cq,bdh_cq/attn_residual,a976f5e26896,attn_residual,propagate,mild,"{""dim"": 1, ""distance"": 8, ""length"": 12, ""n_sources"": 1}",4,1,0.9996845349669456,0.0,0.9941109642386436,0.804166653752327,0.0
bdh_cq,bdh_cq/attn_residual,a976f5e26896,attn_residual,propagate,mild,"{""dim"": 1, ""distance"": 8, ""length"": 12, ""n_sources"": 1}",8,1,0.9998403619974852,0.0,0.9932201150804758,0.7974999862909317,0.0
bdh_cq,bdh_cq/attn_residual,a976f5e26896,attn_residual,propagate,mild,"{""dim"": 1, ""distance"": 8, ""length"": 12, ""n_sources"": 1}",32,1,0.9999119378626347,0.0,0.9932201150804758,0.8049999874830246,0.0
bdh_cq,bdh_cq/attn_residual,a976f5e26896,attn_residual,propagate,strong,"{""dim"": 1, ""distance"": 12, ""length"": 48, ""n_sources"": 1}",1,1,0.8114480599761009,1.0,0.8114480599761009,0.5908333200775087,0.0
bdh_cq,bdh_cq/attn_residual,a976f5e26896,attn_residual,propagate,strong,"{""dim"": 1, ""distance"": 12, ""length"": 48, ""n_sources"": 1}",4,1,0.9996864795684814,0.0,0.9966769590973854,0.6024999862350523,0.0
bdh_cq,bdh_cq/attn_residual,a976f5e26896,attn_residual,propagate,strong,"{""dim"": 1, ""distance"": 12, ""length"": 48, ""n_sources"": 1}",8,1,0.9999329969286919,0.0,0.9966473020613194,0.6220833190530538,0.0
bdh_cq,bdh_cq/attn_residual,a976f5e26896,attn_residual,propagate,strong,"{""dim"": 1, ""distance"": 12, ""length"": 48, ""n_sources"": 1}",32,1,0.9999777358025312,0.0,0.9966473020613194,0.632916650660336,0.0
bdh_cq,bdh_cq/attn_residual,a976f5e26896,attn_residual,propagate,strong,"{""dim"": 1, ""distance"": 24, ""length"": 48, ""n_sources"": 1}",1,1,0.8271468132734299,1.0,0.8271468132734299,0.4481250050291419,0.0
bdh_cq,bdh_cq/attn_residual,a976f5e26896,attn_residual,propagate,strong,"{""dim"": 1, ""distance"": 24, ""length"": 48, ""n_sources"": 1}",4,1,0.9996728822588921,0.0,0.9967577233910561,0.4414583388343453,0.0
bdh_cq,bdh_cq/attn_residual,a976f5e26896,attn_residual,propagate,strong,"{""dim"": 1, ""distance"": 24, ""length"": 48, ""n_sources"": 1}",8,1,0.9999345876276493,0.0,0.9962582569569349,0.44020834006369114,0.0
bdh_cq,bdh_cq/attn_residual,a976f5e26896,attn_residual,propagate,strong,"{""dim"": 1, ""distance"": 24, ""length"": 48, ""n_sources"": 1}",32,1,0.999978194013238,0.0,0.9962582569569349,0.4304166741669178,0.0
bdh_cq,bdh_cq/init_skip,79d948f95c7e,init_skip,propagate,interp,"{""dim"": 1, ""distance"": 1, ""length"": 12, ""n_sources"": 1}",1,3,0.5132166830201944,1.0,0.5132166830201944,0.9997504990614816,0.9970059880239521
bdh_cq,bdh_cq/init_skip,79d948f95c7e,init_skip,propagate,interp,"{""dim"": 1, ""distance"": 1, ""length"": 12, ""n_sources"": 1}",2,3,0.8939001138011614,0.0,0.8939001138011614,1.0,1.0
bdh_cq,bdh_cq/init_skip,79d948f95c7e,init_skip,propagate,interp,"{""dim"": 1, ""distance"": 1, ""length"": 12, ""n_sources"": 1}",4,3,0.8886861974994341,0.0,0.8782099559903145,0.9978376585328412,0.9740518962075848
bdh_cq,bdh_cq/init_skip,79d948f95c7e,init_skip,propagate,interp,"{""dim"": 1, ""distance"": 1, ""length"": 12, ""n_sources"": 1}",8,3,0.8599860997249683,0.0,0.7786974950383106,0.6924484325740151,0.0
bdh_cq,bdh_cq/init_skip,79d948f95c7e,init_skip,propagate,interp,"{""dim"": 1, ""distance"": 1, ""length"": 12, ""n_sources"": 1}",16,3,0.7218050907055537,0.0,0.7199535667896271,0.6962741142558956,0.0
bdh_cq,bdh_cq/init_skip,79d948f95c7e,init_skip,propagate,interp,"{""dim"": 1, ""distance"": 1, ""length"": 12, ""n_sources"": 1}",32,3,0.8403423267106215,0.0,0.7233386714942753,0.7238855636167432,0.0
bdh_cq,bdh_cq/init_skip,79d948f95c7e,init_skip,propagate,interp,"{""dim"": 1, ""distance"": 2, ""length"": 12, ""n_sources"": 1}",1,3,0.4995022440950076,1.0,0.4995022440950076,0.9999165832698047,0.998998998998999
bdh_cq,bdh_cq/init_skip,79d948f95c7e,init_skip,propagate,interp,"{""dim"": 1, ""distance"": 2, ""length"": 12, ""n_sources"": 1}",2,3,0.8968735088904699,0.0,0.8968735088904699,0.9993326661584375,0.9919919919919918
bdh_cq,bdh_cq/init_skip,79d948f95c7e,init_skip,propagate,interp,"{""dim"": 1, ""distance"": 2, ""length"": 12, ""n_sources"": 1}",4,3,0.8918348948160807,0.0,0.8771366452177366,1.0,1.0
bdh_cq,bdh_cq/init_skip,79d948f95c7e,init_skip,propagate,interp,"{""dim"": 1, ""distance"": 2, ""length"": 12, ""n_sources"": 1}",8,3,0.8911959050844113,0.0,0.7937917162974676,0.6197864495448999,0.0
bdh_cq,bdh_cq/init_skip,79d948f95c7e,init_skip,propagate,interp,"{""dim"": 1, ""distance"": 2, ""length"": 12, ""n_sources"": 1}",16,3,0.803303487598896,0.0,0.7339776940643787,0.686269601275613,0.0
bdh_cq,bdh_cq/init_skip,79d948f95c7e,init_skip,propagate,interp,"{""dim"": 1, ""distance"": 2, ""length"": 12, ""n_sources"": 1}",32,3,0.8362892595663046,0.0,0.7429660838097334,0.6643310061640091,0.0
bdh_cq,bdh_cq/init_skip,79d948f95c7e,init_skip,propagate,interp,"{""dim"": 1, ""distance"": 4, ""length"": 12, ""n_sources"": 1}",1,3,0.48009943092862767,1.0,0.48009943092862767,1.0,1.0
bdh_cq,bdh_cq/init_skip,79d948f95c7e,init_skip,propagate,interp,"{""dim"": 1, ""distance"": 4, ""length"": 12, ""n_sources"": 1}",2,3,0.9022225687901179,0.0,0.9022225687901179,0.9999165832698047,0.998998998998999
bdh_cq,bdh_cq/init_skip,79d948f95c7e,init_skip,propagate,interp,"{""dim"": 1, ""distance"": 4, ""length"": 12, ""n_sources"": 1}",4,3,0.8747615913550059,0.0,0.8700211271643639,0.9997497498094141,0.9969969969969971
bdh_cq,bdh_cq/init_skip,79d948f95c7e,init_skip,propagate,interp,"{""dim"": 1, ""distance"": 4, ""length"": 12, ""n_sources"": 1}",8,3,0.9122936421384414,0.0,0.7835294809192419,0.6127794451183742,0.0
bdh_cq,bdh_cq/init_skip,79d948f95c7e,init_skip,propagate,interp,"{""dim"": 1, ""distance"": 4, ""length"": 12, ""n_sources"": 1}",16,3,0.6640341480573019,0.0,0.6640341480573019,0.7000333660238378,0.0
bdh_cq,bdh_cq/init_skip,79d948f95c7e,init_skip,propagate,interp,"{""dim"": 1, ""distance"": 4, ""length"": 12, ""n_sources"": 1}",32,3,0.8704603265505284,0.0,0.7144905664026737,0.5657323958935799,0.0
bdh_cq,bdh_cq/init_skip,79d948f95c7e,init_skip,propagate,mild,"{""dim"": 1, ""distance"": 6, ""length"": 12, ""n_sources"": 1}",1,3,0.5007516890764236,1.0,0.5007516890764236,0.9564444464047751,0.6186666666666666
bdh_cq,bdh_cq/init_skip,79d948f95c7e,init_skip,propagate,mild,"{""dim"": 1, ""distance"": 6, ""length"": 12, ""n_sources"": 1}",2,3,0.8873870000243187,0.0,0.8873870000243187,0.9495000024239223,0.5553333333333333
bdh_cq,bdh_cq/init_skip,79d948f95c7e,init_skip,propagate,mild,"{""dim"": 1, ""distance"": 6, ""length"": 12, ""n_sources"": 1}",4,3,0.8611854364474615,0.0,0.8528489073117574,0.9862222243150076,0.8546666666666667
bdh_cq,bdh_cq/init_skip,79d948f95c7e,init_skip,propagate,mild,"{""dim"": 1, ""distance"": 6, ""length"": 12, ""n_sources"": 1}",8,3,0.9157567334671816,0.0,0.8002470865224799,0.626111111720403,0.0
bdh_cq,bdh_cq/init_skip,79d948f95c7e,init_skip,propagate,mild,"{""dim"": 1, ""distance"": 6, ""length"": 12, ""n_sources"": 1}",16,3,0.7192840712765852,0.0,0.6598612442612648,0.7221111032565434,0.0
bdh_cq,bdh_cq/init_skip,79d948f95c7e,init_skip,propagate,mild,"{""dim"": 1, ""distance"": 6, ""length"": 12, ""n_sources"": 1}",32,3,0.8329339505483707,0.0,0.6767224430417021,0.5064999995132288,0.0
bdh_cq,bdh_cq/init_skip,79d948f95c7e,init_skip,propagate,mild,"{""dim"": 1, ""distance"": 8, ""length"": 12, ""n_sources"": 1}",1,3,0.5024425312876701,1.0,0.5024425312876701,0.9391111183563868,0.41733333333333333
bdh_cq,bdh_cq/init_skip,79d948f95c7e,init_skip,propagate,mild,"{""dim"": 1, ""distance"": 8, ""length"": 12, ""n_sources"": 1}",2,3,0.8899372095863024,0.0,0.8899372095863024,0.9056666708389919,0.18200000000000002
bdh_cq,bdh_cq/init_skip,79d948f95c7e,init_skip,propagate,mild,"{""dim"": 1, ""distance"": 8, ""length"": 12, ""n_sources"": 1}",4,3,0.8647401581207911,0.0,0.8511731202403704,0.8594999936024347,0.028666666666666663
bdh_cq,bdh_cq/init_skip,79d948f95c7e,init_skip,propagate,mild,"{""dim"": 1, ""distance"": 8, ""length"": 12, ""n_sources"": 1}",8,3,0.895149697860082,0.0,0.8284690075864395,0.6671666636864345,0.0
bdh_cq,bdh_cq/init_skip,79d948f95c7e,init_skip,propagate,mild,"{""dim"": 1, ""distance"": 8, ""length"": 12, ""n_sources"": 1}",16,3,0.7041966406007608,0.0,0.6444320182005564,0.7675555463433265,0.0
bdh_cq,bdh_cq/init_skip,79d948f95c7e,init_skip,propagate,mild,"{""dim"": 1, ""distance"": 8, ""length"": 12, ""n_sources"": 1}",32,3,0.7933152926464876,0.0,0.6452175586794814,0.46461111085116863,0.0
bdh_cq,bdh_cq/init_skip,79d948f95c7e,init_skip,propagate,strong,"{""dim"": 1, ""distance"": 12, ""length"": 48, ""n_sources"": 1}",1,3,0.8637630070249239,1.0,0.8637630070249239,0.7729305422703425,0.0
bdh_cq,bdh_cq/init_skip,79d948f95c7e,init_skip,propagate,strong,"{""dim"": 1, ""distance"": 12, ""length"": 48, ""n_sources"": 1}",2,3,0.9632596224546432,0.0,0.9632596224546432,0.771499985853831,0.0
bdh_cq,bdh_cq/init_skip,79d948f95c7e,init_skip,propagate,strong,"{""dim"": 1, ""distance"": 12, ""length"": 48, ""n_sources"": 1}",4,3,0.9729230627417564,0.0,0.9618867834409078,0.7712222079833349,0.0
bdh_cq,bdh_cq/init_skip,79d948f95c7e,init_skip,propagate,strong,"{""dim"": 1, ""distance"": 12, ""length"": 48, ""n_sources"": 1}",8,3,0.9731601364910603,0.0,0.9405566261460384,0.7638610994815828,0.0
bdh_cq,bdh_cq/init_skip,79d948f95c7e,init_skip,propagate,strong,"{""dim"": 1, ""distance"": 12, ""length"": 48, ""n_sources"": 1}",16,3,0.9143830959995588,0.0,0.8709679196278254,0.7631249883174895,0.0
bdh_cq,bdh_cq/init_skip,79d948f95c7e,init_skip,propagate,strong,"{""dim"": 1, ""distance"": 12, ""length"": 48, ""n_sources"": 1}",32,3,0.9268404158453146,0.0,0.8877371931448579,0.7680277682940165,0.0
bdh_cq,bdh_cq/init_skip,79d948f95c7e,init_skip,propagate,strong,"{""dim"": 1, ""distance"": 24, ""length"": 48, ""n_sources"": 1}",1,3,0.870987743139267,1.0,0.870987743139267,0.638236111998558,0.0
bdh_cq,bdh_cq/init_skip,79d948f95c7e,init_skip,propagate,strong,"{""dim"": 1, ""distance"": 24, ""length"": 48, ""n_sources"": 1}",2,3,0.9685928920904795,0.0,0.9685928920904795,0.6344166677594184,0.0
bdh_cq,bdh_cq/init_skip,79d948f95c7e,init_skip,propagate,strong,"{""dim"": 1, ""distance"": 24, ""length"": 48, ""n_sources"": 1}",4,3,0.9766068582733473,0.0,0.9662768940130869,0.6313194453716278,0.0
bdh_cq,bdh_cq/init_skip,79d948f95c7e,init_skip,propagate,strong,"{""dim"": 1, ""distance"": 24, ""length"": 48, ""n_sources"": 1}",8,3,0.9773185035834709,0.0,0.9441601429134607,0.6179722263216972,0.0
bdh_cq,bdh_cq/init_skip,79d948f95c7e,init_skip,propagate,strong,"{""dim"": 1, ""distance"": 24, ""length"": 48, ""n_sources"": 1}",16,3,0.9398144831260046,0.0,0.9163956915338834,0.6211388926108677,0.0
bdh_cq,bdh_cq/init_skip,79d948f95c7e,init_skip,propagate,strong,"{""dim"": 1, ""distance"": 24, ""length"": 48, ""n_sources"": 1}",32,3,0.9332584502796332,0.0,0.8968245200812817,0.6311944479544956,0.0
bdh_cq,bdh_cq/init_skip,eca47f97dfa3,init_skip,propagate,interp,"{""dim"": 1, ""distance"": 1, ""length"": 12, ""n_sources"": 1}",1,1,0.8621896728873253,1.0,0.8621896728873253,0.8047263548890157,0.0
bdh_cq,bdh_cq/init_skip,eca47f97dfa3,init_skip,propagate,interp,"{""dim"": 1, ""distance"": 1, ""length"": 12, ""n_sources"": 1}",4,1,0.9938718676567078,0.0,0.9512333571910858,0.7972636703235,0.0
bdh_cq,bdh_cq/init_skip,eca47f97dfa3,init_skip,propagate,interp,"{""dim"": 1, ""distance"": 1, ""length"": 12, ""n_sources"": 1}",8,1,0.9447432179003954,0.0,0.9033392015844584,0.759950249942381,0.0
bdh_cq,bdh_cq/init_skip,eca47f97dfa3,init_skip,propagate,interp,"{""dim"": 1, ""distance"": 1, ""length"": 12, ""n_sources"": 1}",32,1,0.9964462425559759,0.0,0.8915603924542665,0.7375621982474825,0.0
bdh_cq,bdh_cq/init_skip,eca47f97dfa3,init_skip,propagate,interp,"{""dim"": 1, ""distance"": 2, ""length"": 12, ""n_sources"": 1}",1,1,0.8674578964710236,1.0,0.8674578964710236,0.8196517264665063,0.0
bdh_cq,bdh_cq/init_skip,eca47f97dfa3,init_skip,propagate,interp,"{""dim"": 1, ""distance"": 2, ""length"": 12, ""n_sources"": 1}",4,1,0.9946736991405487,0.0,0.950947068631649,0.8146766059434236,0.0
bdh_cq,bdh_cq/init_skip,eca47f97dfa3,init_skip,propagate,interp,"{""dim"": 1, ""distance"": 2, ""length"": 12, ""n_sources"": 1}",8,1,0.9429100565612316,0.0,0.8970208875834942,0.7686567181971535,0.0
bdh_cq,bdh_cq/init_skip,eca47f97dfa3,init_skip,propagate,interp,"{""dim"": 1, ""distance"": 2, ""length"": 12, ""n_sources"": 1}",32,1,0.9906399548053741,0.0,0.8731130324304104,0.7176616921353696,0.0
bdh_cq,bdh_cq/init_skip,eca47f97dfa3,init_skip,propagate,interp,"{""dim"": 1, ""distance"": 4, ""length"": 12, ""n_sources"": 1}",1,1,0.8634607195854187,1.0,0.8634607195854187,0.7916666558294585,0.0
bdh_cq,bdh_cq/init_skip,eca47f97dfa3,init_skip,propagate,interp,"{""dim"": 1, ""distance"": 4, ""length"": 12, ""n_sources"": 1}",4,1,0.9942536726593971,0.0,0.9515726789832115,0.763888877901164,0.0
bdh_cq,bdh_cq/init_skip,eca47f97dfa3,init_skip,propagate,interp,"{""dim"": 1, ""distance"": 4, ""length"": 12, ""n_sources"": 1}",8,1,0.9589006826281548,0.0,0.902812646701932,0.7020202021707188,0.0
bdh_cq,bdh_cq/init_skip,eca47f97dfa3,init_skip,propagate,interp,"{""dim"": 1, ""distance"": 4, ""length"": 12, ""n_sources"": 1}",32,1,0.998935267329216,0.0,0.902812646701932,0.623737373586857,0.0
bdh_cq,bdh_cq/init_skip,eca47f97dfa3,init_skip,propagate,mild,"{""dim"": 1, ""distance"": 6, ""length"": 12, ""n_sources"": 1}",1,1,0.857574924826622,1.0,0.857574924826622,0.7841666543483734,0.0
bdh_cq,bdh_cq/init_skip,eca47f97dfa3,init_skip,propagate,mild,"{""dim"": 1, ""distance"": 6, ""length"": 12, ""n_sources"": 1}",4,1,0.9941002354025841,0.0,0.9497271999716759,0.7808333188295364,0.0
bdh_cq,bdh_cq/init_skip,eca47f97dfa3,init_skip,propagate,mild,"{""dim"": 1, ""distance"": 6, ""length"": 12, ""n_sources"": 1}",8,1,0.929627288132906,0.0,0.8950091693550348,0.6958333340287208,0.0
bdh_cq,bdh_cq/init_skip,eca47f97dfa3,init_skip,propagate,mild,"{""dim"": 1, ""distance"": 6, ""length"": 12, ""n_sources"": 1}",32,1,0.9960719868540764,0.0,0.8652922958135605,0.6533333361148834,0.0
bdh_cq,bdh_cq/init_skip,eca47f97dfa3,init_skip,propagate,mild,"{""dim"": 1, ""distance"": 8, ""length"": 12, ""n_sources"": 1}",1,1,0.8654947653412819,1.0,0.8654947653412819,0.7841666515171528,0.0
bdh_cq,bdh_cq/init_skip,eca47f97dfa3,init_skip,propagate,mild,"{""dim"": 1, ""distance"": 8, ""length"": 12, ""n_sources"": 1}",4,1,0.9940721914172173,0.0,0.950315997004509,0.7683333194255829,0.0
bdh_cq,bdh_cq/init_skip,eca47f97dfa3,init_skip,propagate,mild,"{""dim"": 1, ""distance"": 8, ""length"": 12, ""n_sources"": 1}",8,1,0.9618533998727798,0.0,0.9101166296750307,0.7150000052899123,0.0
bdh_cq,bdh_cq/init_skip,eca47f97dfa3,init_skip,propagate,mild,"{""dim"": 1, ""distance"": 8, ""length"": 12, ""n_sources"": 1}",32,1,0.9963264241814613,0.0,0.9101166296750307,0.6708333360403776,0.0
bdh_cq,bdh_cq/init_skip,eca47f97dfa3,init_skip,propagate,strong,"{""dim"": 1, ""distance"": 12, ""length"": 48, ""n_sources"": 1}",1,1,0.95002631098032,1.0,0.95002631098032,0.7095833152532578,0.0
bdh_cq,bdh_cq/init_skip,eca47f97dfa3,init_skip,propagate,strong,"{""dim"": 1, ""distance"": 12, ""length"": 48, ""n_sources"": 1}",4,1,0.999304436147213,0.0,0.9905447736382484,0.708541647195816,0.0
bdh_cq,bdh_cq/init_skip,eca47f97dfa3,init_skip,propagate,strong,"{""dim"": 1, ""distance"": 12, ""length"": 48, ""n_sources"": 1}",8,1,0.9994795117527246,0.0,0.9890521708875895,0.708541647195816,0.0
bdh_cq,bdh_cq/init_skip,eca47f97dfa3,init_skip,propagate,strong,"{""dim"": 1, ""distance"": 12, ""length"": 48, ""n_sources"": 1}",32,1,0.9999224152415991,0.0,0.9890521708875895,0.7083333134651184,0.0
bdh_cq,bdh_cq/init_skip,eca47f97dfa3,init_skip,propagate,strong,"{""dim"": 1, ""distance"": 24, ""length"": 48, ""n_sources"": 1}",1,1,0.9540454298257828,1.0,0.9540454298257828,0.5406250005960465,0.0
bdh_cq,bdh_cq/init_skip,eca47f97dfa3,init_skip,propagate,strong,"{""dim"": 1, ""distance"": 24, ""length"": 48, ""n_sources"": 1}",4,1,0.9995203167200089,0.0,0.991824559867382,0.5039583387970924,0.0
bdh_cq,bdh_cq/init_skip,eca47f97dfa3,init_skip,propagate,strong,"{""dim"": 1, ""distance"": 24, ""length"": 48, ""n_sources"": 1}",8,1,0.9995232541114092,0.0,0.98927360214293,0.4947916713356972,0.0
bdh_cq,bdh_cq/init_skip,eca47f97dfa3,init_skip,propagate,strong,"{""dim"": 1, ""distance"": 24, ""length"": 48, ""n_sources"": 1}",32,1,0.9999310970306396,0.0,0.98927360214293,0.4691666755080223,0.0
bdh_cq,bdh_cq/plain,3d6407474980,plain,propagate,interp,"{""dim"": 1, ""distance"": 1, ""length"": 12, ""n_sources"": 1}",1,1,0.7071628868579865,1.0,0.7071628868579865,0.7935323243710533,0.0
bdh_cq,bdh_cq/plain,3d6407474980,plain,propagate,interp,"{""dim"": 1, ""distance"": 1, ""length"": 12, ""n_sources"": 1}",4,1,0.9938772544264793,0.0,0.937897078692913,0.8047263560010426,0.0
bdh_cq,bdh_cq/plain,3d6407474980,plain,propagate,interp,"{""dim"": 1, ""distance"": 1, ""length"": 12, ""n_sources"": 1}",8,1,0.9970514308661222,0.0,0.9348737057298422,0.7674129338406804,0.0
bdh_cq,bdh_cq/plain,3d6407474980,plain,propagate,interp,"{""dim"": 1, ""distance"": 1, ""length"": 12, ""n_sources"": 1}",32,1,0.9994868151843548,0.0,0.9348737057298422,0.7437810995685521,0.0
bdh_cq,bdh_cq/plain,3d6407474980,plain,propagate,interp,"{""dim"": 1, ""distance"": 2, ""length"": 12, ""n_sources"": 1}",1,1,0.7128331139683723,1.0,0.7128331139683723,0.8221392871728584,0.0
bdh_cq,bdh_cq/plain,3d6407474980,plain,propagate,interp,"{""dim"": 1, ""distance"": 2, ""length"": 12, ""n_sources"": 1}",4,1,0.9933252707123756,0.0,0.934240072965622,0.8059701341301647,0.0
bdh_cq,bdh_cq/plain,3d6407474980,plain,propagate,interp,"{""dim"": 1, ""distance"": 2, ""length"": 12, ""n_sources"": 1}",8,1,0.9971761368215084,0.0,0.9342652298510075,0.7773631820038184,0.0
bdh_cq,bdh_cq/plain,3d6407474980,plain,propagate,interp,"{""dim"": 1, ""distance"": 2, ""length"": 12, ""n_sources"": 1}",32,1,0.9995460156351328,0.0,0.9342652298510075,0.7549751285296767,0.0
bdh_cq,bdh_cq/plain,3d6407474980,plain,propagate,interp,"{""dim"": 1, ""distance"": 4, ""length"": 12, ""n_sources"": 1}",1,1,0.6909443065524101,1.0,0.6909443065524101,0.8068181682716716,0.0
bdh_cq,bdh_cq/plain,3d6407474980,plain,propagate,interp,"{""dim"": 1, ""distance"": 4, ""length"": 12, ""n_sources"": 1}",4,1,0.9941321536898613,0.0,0.9307830333709717,0.7891413993907698,0.0
bdh_cq,bdh_cq/plain,3d6407474980,plain,propagate,interp,"{""dim"": 1, ""distance"": 4, ""length"": 12, ""n_sources"": 1}",8,1,0.9971689097583294,0.0,0.931230777874589,0.7512626259615927,0.0
bdh_cq,bdh_cq/plain,3d6407474980,plain,propagate,interp,"{""dim"": 1, ""distance"": 4, ""length"": 12, ""n_sources"": 1}",32,1,0.9995652567595243,0.0,0.931230777874589,0.7247474771557432,0.0
bdh_cq,bdh_cq/plain,3d6407474980,plain,propagate,mild,"{""dim"": 1, ""distance"": 6, ""length"": 12, ""n_sources"": 1}",1,1,0.6806055679917336,1.0,0.6806055679917336,0.8016666531562805,0.0
bdh_cq,bdh_cq/plain,3d6407474980,plain,propagate,mild,"{""dim"": 1, ""distance"": 6, ""length"": 12, ""n_sources"": 1}",4,1,0.9936370104551315,0.0,0.9342543482780457,0.7941666534543037,0.0
bdh_cq,bdh_cq/plain,3d6407474980,plain,propagate,mild,"{""dim"": 1, ""distance"": 6, ""length"": 12, ""n_sources"": 1}",8,1,0.9971192758530378,0.0,0.9318282920867205,0.7566666629910469,0.0
bdh_cq,bdh_cq/plain,3d6407474980,plain,propagate,mild,"{""dim"": 1, ""distance"": 6, ""length"": 12, ""n_sources"": 1}",32,1,0.9995420556515455,0.0,0.9318282920867205,0.7491666692495346,0.0
bdh_cq,bdh_cq/plain,3d6407474980,plain,propagate,mild,"{""dim"": 1, ""distance"": 8, ""length"": 12, ""n_sources"": 1}",1,1,0.7072426080703735,1.0,0.7072426080703735,0.7916666534543038,0.0
bdh_cq,bdh_cq/plain,3d6407474980,plain,propagate,mild,"{""dim"": 1, ""distance"": 8, ""length"": 12, ""n_sources"": 1}",4,1,0.9936962798237801,0.0,0.9332507327198982,0.7783333212137222,0.0
bdh_cq,bdh_cq/plain,3d6407474980,plain,propagate,mild,"{""dim"": 1, ""distance"": 8, ""length"": 12, ""n_sources"": 1}",8,1,0.9969935845583677,0.0,0.930998221039772,0.7474999964237213,0.0
bdh_cq,bdh_cq/plain,3d6407474980,plain,propagate,mild,"{""dim"": 1, ""distance"": 8, ""length"": 12, ""n_sources"": 1}",32,1,0.9994866456836462,0.0,0.930998221039772,0.75750000461936,0.0
bdh_cq,bdh_cq/plain,3d6407474980,plain,propagate,strong,"{""dim"": 1, ""distance"": 12, ""length"": 48, ""n_sources"": 1}",1,1,0.8895598128437996,1.0,0.8895598128437996,0.7183333206176757,0.0
bdh_cq,bdh_cq/plain,3d6407474980,plain,propagate,strong,"{""dim"": 1, ""distance"": 12, ""length"": 48, ""n_sources"": 1}",4,1,0.996619924902916,0.0,0.9619912430644035,0.7093749845027923,0.0
bdh_cq,bdh_cq/plain,3d6407474980,plain,propagate,strong,"{""dim"": 1, ""distance"": 12, ""length"": 48, ""n_sources"": 1}",8,1,0.9995712768286467,0.0,0.961687820032239,0.7070833176374436,0.0
bdh_cq,bdh_cq/plain,3d6407474980,plain,propagate,strong,"{""dim"": 1, ""distance"": 12, ""length"": 48, ""n_sources"": 1}",32,1,0.9999486766755581,0.0,0.961687820032239,0.7087499821186065,0.0
bdh_cq,bdh_cq/plain,3d6407474980,plain,propagate,strong,"{""dim"": 1, ""distance"": 24, ""length"": 48, ""n_sources"": 1}",1,1,0.8903010711073875,1.0,0.8903010711073875,0.5885416668653488,0.0
bdh_cq,bdh_cq/plain,3d6407474980,plain,propagate,strong,"{""dim"": 1, ""distance"": 24, ""length"": 48, ""n_sources"": 1}",4,1,0.9959195330739021,0.0,0.9626960456371307,0.5570833322405815,0.0
bdh_cq,bdh_cq/plain,3d6407474980,plain,propagate,strong,"{""dim"": 1, ""distance"": 24, ""length"": 48, ""n_sources"": 1}",8,1,0.9996250104159117,0.0,0.9620958995074034,0.5466666676104068,0.0
bdh_cq,bdh_cq/plain,3d6407474980,plain,propagate,strong,"{""dim"": 1, ""distance"": 24, ""length"": 48, ""n_sources"": 1}",32,1,0.9999525416642427,0.0,0.9620958995074034,0.5300000038743019,0.0
bdh_cq,bdh_cq/plain,f0b8b7c55f92,plain,propagate,interp,"{""dim"": 1, ""distance"": 1, ""length"": 12, ""n_sources"": 1}",1,3,0.24996655682722727,1.0,0.24996655682722727,0.9998336660409878,0.9980039920159681
bdh_cq,bdh_cq/plain,f0b8b7c55f92,plain,propagate,interp,"{""dim"": 1, ""distance"": 1, ""length"": 12, ""n_sources"": 1}",2,3,0.8471043035387993,0.0,0.8471043035387993,0.9999168330204938,0.999001996007984
bdh_cq,bdh_cq/plain,f0b8b7c55f92,plain,propagate,interp,"{""dim"": 1, ""distance"": 1, ""length"": 12, ""n_sources"": 1}",4,3,0.880449540913105,0.0,0.8429638917247454,0.9996673320224899,0.9970059880239521
bdh_cq,bdh_cq/plain,f0b8b7c55f92,plain,propagate,interp,"{""dim"": 1, ""distance"": 1, ""length"": 12, ""n_sources"": 1}",8,3,0.8583667452136675,0.0,0.8192564925799767,0.7420991299276105,0.0
bdh_cq,bdh_cq/plain,f0b8b7c55f92,plain,propagate,interp,"{""dim"": 1, ""distance"": 1, ""length"": 12, ""n_sources"": 1}",16,3,0.7975383947292963,0.0,0.7778040071328481,0.7458416432023286,0.0
bdh_cq,bdh_cq/plain,f0b8b7c55f92,plain,propagate,interp,"{""dim"": 1, ""distance"": 1, ""length"": 12, ""n_sources"": 1}",32,3,0.7847653988283128,0.0,0.7643220455696186,0.7470891561931717,0.0
bdh_cq,bdh_cq/plain,f0b8b7c55f92,plain,propagate,interp,"{""dim"": 1, ""distance"": 2, ""length"": 12, ""n_sources"": 1}",1,3,0.23645442631095648,1.0,0.23645442631095648,0.9997497498094141,0.9969969969969971
bdh_cq,bdh_cq/plain,f0b8b7c55f92,plain,propagate,interp,"{""dim"": 1, ""distance"": 2, ""length"": 12, ""n_sources"": 1}",2,3,0.8491579443216324,0.0,0.8491579443216324,0.998915582507461,0.9869869869869871
bdh_cq,bdh_cq/plain,f0b8b7c55f92,plain,propagate,interp,"{""dim"": 1, ""distance"": 2, ""length"": 12, ""n_sources"": 1}",4,3,0.8610398645202318,0.0,0.8299084131916364,0.9999165832698047,0.998998998998999
bdh_cq,bdh_cq/plain,f0b8b7c55f92,plain,propagate,interp,"{""dim"": 1, ""distance"": 2, ""length"": 12, ""n_sources"": 1}",8,3,0.9081906533489624,0.0,0.8262733264515797,0.6940273572136094,0.0
bdh_cq,bdh_cq/plain,f0b8b7c55f92,plain,propagate,interp,"{""dim"": 1, ""distance"": 2, ""length"": 12, ""n_sources"": 1}",16,3,0.8068083450198174,0.0,0.80497578283151,0.7552552482446989,0.0
bdh_cq,bdh_cq/plain,f0b8b7c55f92,plain,propagate,interp,"{""dim"": 1, ""distance"": 2, ""length"": 12, ""n_sources"": 1}",32,3,0.7953558363951743,0.0,0.7698393625517687,0.6839339447331739,0.0
bdh_cq,bdh_cq/plain,f0b8b7c55f92,plain,propagate,interp,"{""dim"": 1, ""distance"": 4, ""length"": 12, ""n_sources"": 1}",1,3,0.2072219073306769,1.0,0.2072219073306769,1.0,1.0
bdh_cq,bdh_cq/plain,f0b8b7c55f92,plain,propagate,interp,"{""dim"": 1, ""distance"": 4, ""length"": 12, ""n_sources"": 1}",2,3,0.8672616928815842,0.0,0.8672616928815842,1.0,1.0
bdh_cq,bdh_cq/plain,f0b8b7c55f92,plain,propagate,interp,"{""dim"": 1, ""distance"": 4, ""length"": 12, ""n_sources"": 1}",4,3,0.8684616660078367,0.0,0.8376119683186213,0.9996663330792188,0.995995995995996
bdh_cq,bdh_cq/plain,f0b8b7c55f92,plain,propagate,interp,"{""dim"": 1, ""distance"": 4, ""length"": 12, ""n_sources"": 1}",8,3,0.9636469160517057,0.0,0.8261112440377474,0.5838338352657773,0.0
bdh_cq,bdh_cq/plain,f0b8b7c55f92,plain,propagate,interp,"{""dim"": 1, ""distance"": 4, ""length"": 12, ""n_sources"": 1}",16,3,0.7441548270483812,0.0,0.7311332126458486,0.7386553153858051,0.0
bdh_cq,bdh_cq/plain,f0b8b7c55f92,plain,propagate,interp,"{""dim"": 1, ""distance"": 4, ""length"": 12, ""n_sources"": 1}",32,3,0.8257410510753592,0.0,0.7245574958312014,0.5600600575839912,0.0
bdh_cq,bdh_cq/plain,f0b8b7c55f92,plain,propagate,mild,"{""dim"": 1, ""distance"": 6, ""length"": 12, ""n_sources"": 1}",1,3,0.21581468599227568,1.0,0.21581468599227568,0.9712777825196585,0.6926666666666668
bdh_cq,bdh_cq/plain,f0b8b7c55f92,plain,propagate,mild,"{""dim"": 1, ""distance"": 6, ""length"": 12, ""n_sources"": 1}",2,3,0.8337731336553892,0.0,0.8337731336553892,0.9426666734218596,0.42799999999999994
bdh_cq,bdh_cq/plain,f0b8b7c55f92,plain,propagate,mild,"{""dim"": 1, ""distance"": 6, ""length"": 12, ""n_sources"": 1}",4,3,0.8093481808900833,0.0,0.8013160079717636,0.9976666672229767,0.972
bdh_cq,bdh_cq/plain,f0b8b7c55f92,plain,propagate,mild,"{""dim"": 1, ""distance"": 6, ""length"": 12, ""n_sources"": 1}",8,3,0.9617357812821865,0.0,0.7976178123305241,0.6132777781883876,0.0
bdh_cq,bdh_cq/plain,f0b8b7c55f92,plain,propagate,mild,"{""dim"": 1, ""distance"": 6, ""length"": 12, ""n_sources"": 1}",16,3,0.7861449072758356,0.0,0.7312312188247839,0.6833333264986674,0.0
bdh_cq,bdh_cq/plain,f0b8b7c55f92,plain,propagate,mild,"{""dim"": 1, ""distance"": 6, ""length"": 12, ""n_sources"": 1}",32,3,0.7629662854596972,0.0,0.7368960234646996,0.4850555570622285,0.0
bdh_cq,bdh_cq/plain,f0b8b7c55f92,plain,propagate,mild,"{""dim"": 1, ""distance"": 8, ""length"": 12, ""n_sources"": 1}",1,3,0.17132682209679237,1.0,0.17132682209679237,0.8907222229639689,0.24933333333333332
bdh_cq,bdh_cq/plain,f0b8b7c55f92,plain,propagate,mild,"{""dim"": 1, ""distance"": 8, ""length"": 12, ""n_sources"": 1}",2,3,0.8072347690661749,0.0,0.8072347690661749,0.8895000009139379,0.12466666666666666
bdh_cq,bdh_cq/plain,f0b8b7c55f92,plain,propagate,mild,"{""dim"": 1, ""distance"": 8, ""length"": 12, ""n_sources"": 1}",4,3,0.7760325546065966,0.0,0.7445377483963966,0.9066111166874569,0.18533333333333335
bdh_cq,bdh_cq/plain,f0b8b7c55f92,plain,propagate,mild,"{""dim"": 1, ""distance"": 8, ""length"": 12, ""n_sources"": 1}",8,3,0.9370920173823833,0.0,0.7592879738658667,0.5793333282272021,0.0
bdh_cq,bdh_cq/plain,f0b8b7c55f92,plain,propagate,mild,"{""dim"": 1, ""distance"": 8, ""length"": 12, ""n_sources"": 1}",16,3,0.7472117568055788,0.0,0.7013571287194887,0.6656666586647431,0.0
bdh_cq,bdh_cq/plain,f0b8b7c55f92,plain,propagate,mild,"{""dim"": 1, ""distance"": 8, ""length"": 12, ""n_sources"": 1}",32,3,0.7219400553343197,0.0,0.6769341899392506,0.4369444431960583,0.0
bdh_cq,bdh_cq/plain,f0b8b7c55f92,plain,propagate,strong,"{""dim"": 1, ""distance"": 12, ""length"": 48, ""n_sources"": 1}",1,3,0.8191003128886223,1.0,0.8191003128886223,0.7282083184719085,0.0
bdh_cq,bdh_cq/plain,f0b8b7c55f92,plain,propagate,strong,"{""dim"": 1, ""distance"": 12, ""length"": 48, ""n_sources"": 1}",2,3,0.8185823584596316,0.0,0.8185823584596316,0.7266805406014125,0.0
bdh_cq,bdh_cq/plain,f0b8b7c55f92,plain,propagate,strong,"{""dim"": 1, ""distance"": 12, ""length"": 48, ""n_sources"": 1}",4,3,0.935282734533151,0.0,0.8185823584596316,0.7266110965013505,0.0
bdh_cq,bdh_cq/plain,f0b8b7c55f92,plain,propagate,strong,"{""dim"": 1, ""distance"": 12, ""length"": 48, ""n_sources"": 1}",8,3,0.9459050986915827,0.0,0.8176593910902739,0.7273472084005673,0.0
bdh_cq,bdh_cq/plain,f0b8b7c55f92,plain,propagate,strong,"{""dim"": 1, ""distance"": 12, ""length"": 48, ""n_sources"": 1}",16,3,0.9458014741539955,0.0,0.8185823584596316,0.7277222087780634,0.0
bdh_cq,bdh_cq/plain,f0b8b7c55f92,plain,propagate,strong,"{""dim"": 1, ""distance"": 12, ""length"": 48, ""n_sources"": 1}",32,3,0.964721692726016,0.0,0.8176593910902739,0.7353333192467689,0.0
bdh_cq,bdh_cq/plain,f0b8b7c55f92,plain,propagate,strong,"{""dim"": 1, ""distance"": 24, ""length"": 48, ""n_sources"": 1}",1,3,0.8186199540893236,1.0,0.8186199540893236,0.5387500024835269,0.0
bdh_cq,bdh_cq/plain,f0b8b7c55f92,plain,propagate,strong,"{""dim"": 1, ""distance"": 24, ""length"": 48, ""n_sources"": 1}",2,3,0.8507627720634142,0.0,0.8507627720634142,0.5356388909518719,0.0
bdh_cq,bdh_cq/plain,f0b8b7c55f92,plain,propagate,strong,"{""dim"": 1, ""distance"": 24, ""length"": 48, ""n_sources"": 1}",4,3,0.9387386788924535,0.0,0.8507627720634142,0.5399305576235056,0.0
bdh_cq,bdh_cq/plain,f0b8b7c55f92,plain,propagate,strong,"{""dim"": 1, ""distance"": 24, ""length"": 48, ""n_sources"": 1}",8,3,0.9525759089738131,0.0,0.8183227572590113,0.5478333351612091,0.0
bdh_cq,bdh_cq/plain,f0b8b7c55f92,plain,propagate,strong,"{""dim"": 1, ""distance"": 24, ""length"": 48, ""n_sources"": 1}",16,3,0.9574092874924341,0.0,0.8507627720634142,0.5537777800609668,0.0
bdh_cq,bdh_cq/plain,f0b8b7c55f92,plain,propagate,strong,"{""dim"": 1, ""distance"": 24, ""length"": 48, ""n_sources"": 1}",32,3,0.9684836138039827,0.0,0.8183227572590113,0.5587222242752711,0.0
bdh_cq,bdh_cq/residual,cb0b76097aaf,residual,propagate,interp,"{""dim"": 1, ""distance"": 1, ""length"": 12, ""n_sources"": 1}",1,3,0.8313135082523028,1.0,0.8313135082523028,1.0,1.0
bdh_cq,bdh_cq/residual,cb0b76097aaf,residual,propagate,interp,"{""dim"": 1, ""distance"": 1, ""length"": 12, ""n_sources"": 1}",2,3,0.9645266284545263,0.0,0.9645266284545263,1.0,1.0
bdh_cq,bdh_cq/residual,cb0b76097aaf,residual,propagate,interp,"{""dim"": 1, ""distance"": 1, ""length"": 12, ""n_sources"": 1}",4,3,0.9960410123070081,0.0,0.9645266284545263,1.0,1.0
bdh_cq,bdh_cq/residual,cb0b76097aaf,residual,propagate,interp,"{""dim"": 1, ""distance"": 1, ""length"": 12, ""n_sources"": 1}",8,3,0.9995734567443529,0.0,0.9654730744659901,0.7603958720813493,0.0
bdh_cq,bdh_cq/residual,cb0b76097aaf,residual,propagate,interp,"{""dim"": 1, ""distance"": 1, ""length"": 12, ""n_sources"": 1}",16,3,0.9999727184573809,0.0,0.9645266284545263,0.7666333959012213,0.0
bdh_cq,bdh_cq/residual,cb0b76097aaf,residual,propagate,interp,"{""dim"": 1, ""distance"": 1, ""length"": 12, ""n_sources"": 1}",32,3,0.9999983441084623,0.0,0.9654730744659901,0.7669660638192456,0.0
bdh_cq,bdh_cq/residual,cb0b76097aaf,residual,propagate,interp,"{""dim"": 1, ""distance"": 2, ""length"": 12, ""n_sources"": 1}",1,3,0.8211532284816107,1.0,0.8211532284816107,0.9994160827693043,0.994994994994995
bdh_cq,bdh_cq/residual,cb0b76097aaf,residual,propagate,interp,"{""dim"": 1, ""distance"": 2, ""length"": 12, ""n_sources"": 1}",2,3,0.9630570436517397,0.0,0.9630570436517397,0.9994994994994996,0.995995995995996
bdh_cq,bdh_cq/residual,cb0b76097aaf,residual,propagate,interp,"{""dim"": 1, ""distance"": 2, ""length"": 12, ""n_sources"": 1}",4,3,0.9961413567264875,0.0,0.9630570436517397,0.9999165832698047,0.998998998998999
bdh_cq,bdh_cq/residual,cb0b76097aaf,residual,propagate,interp,"{""dim"": 1, ""distance"": 2, ""length"": 12, ""n_sources"": 1}",8,3,0.9995748319973549,0.0,0.9643722859521707,0.7720220171892129,0.0
bdh_cq,bdh_cq/residual,cb0b76097aaf,residual,propagate,interp,"{""dim"": 1, ""distance"": 2, ""length"": 12, ""n_sources"": 1}",16,3,0.9999720379710197,0.0,0.9630570436517397,0.768351680642969,0.0
bdh_cq,bdh_cq/residual,cb0b76097aaf,residual,propagate,interp,"{""dim"": 1, ""distance"": 2, ""length"": 12, ""n_sources"": 1}",32,3,0.9999983192731937,0.0,0.9643722859521707,0.7688521810241409,0.0
bdh_cq,bdh_cq/residual,cb0b76097aaf,residual,propagate,interp,"{""dim"": 1, ""distance"": 4, ""length"": 12, ""n_sources"": 1}",1,3,0.8421754588683447,1.0,0.8421754588683447,1.0,1.0
bdh_cq,bdh_cq/residual,cb0b76097aaf,residual,propagate,interp,"{""dim"": 1, ""distance"": 4, ""length"": 12, ""n_sources"": 1}",2,3,0.9686925907929739,0.0,0.9686925907929739,1.0,1.0
bdh_cq,bdh_cq/residual,cb0b76097aaf,residual,propagate,interp,"{""dim"": 1, ""distance"": 4, ""length"": 12, ""n_sources"": 1}",4,3,0.9955318346619606,0.0,0.9686925907929739,1.0,1.0
bdh_cq,bdh_cq/residual,cb0b76097aaf,residual,propagate,interp,"{""dim"": 1, ""distance"": 4, ""length"": 12, ""n_sources"": 1}",8,3,0.9995568121472994,0.0,0.966981508458654,0.7920420319587738,0.0
bdh_cq,bdh_cq/residual,cb0b76097aaf,residual,propagate,interp,"{""dim"": 1, ""distance"": 4, ""length"": 12, ""n_sources"": 1}",16,3,0.999971384803454,0.0,0.9686925907929739,0.7769436040320792,0.0
bdh_cq,bdh_cq/residual,cb0b76097aaf,residual,propagate,interp,"{""dim"": 1, ""distance"": 4, ""length"": 12, ""n_sources"": 1}",32,3,0.999998257185022,0.0,0.966981508458654,0.775525519439766,0.0
bdh_cq,bdh_cq/residual,cb0b76097aaf,residual,propagate,mild,"{""dim"": 1, ""distance"": 6, ""length"": 12, ""n_sources"": 1}",1,3,0.8291163295507431,1.0,0.8291163295507431,0.903611113667488,0.26066666666666666
bdh_cq,bdh_cq/residual,cb0b76097aaf,residual,propagate,mild,"{""dim"": 1, ""distance"": 6, ""length"": 12, ""n_sources"": 1}",2,3,0.9650086710850397,0.0,0.9650086710850397,0.939555567463239,0.31666666666666665
bdh_cq,bdh_cq/residual,cb0b76097aaf,residual,propagate,mild,"{""dim"": 1, ""distance"": 6, ""length"": 12, ""n_sources"": 1}",4,3,0.9951655268669128,0.0,0.9650086710850397,0.9558333390156428,0.5633333333333334
bdh_cq,bdh_cq/residual,cb0b76097aaf,residual,propagate,mild,"{""dim"": 1, ""distance"": 6, ""length"": 12, ""n_sources"": 1}",8,3,0.9995313665519158,0.0,0.9659342312564453,0.773722215572993,0.0
bdh_cq,bdh_cq/residual,cb0b76097aaf,residual,propagate,mild,"{""dim"": 1, ""distance"": 6, ""length"": 12, ""n_sources"": 1}",16,3,0.9999701206882795,0.0,0.9650086710850397,0.7808888815641403,0.0
bdh_cq,bdh_cq/residual,cb0b76097aaf,residual,propagate,mild,"{""dim"": 1, ""distance"": 6, ""length"": 12, ""n_sources"": 1}",32,3,0.9999982050309578,0.0,0.9659342312564453,0.7809999926090242,0.0
bdh_cq,bdh_cq/residual,cb0b76097aaf,residual,propagate,mild,"{""dim"": 1, ""distance"": 8, ""length"": 12, ""n_sources"": 1}",1,3,0.8304214874903361,1.0,0.8304214874903361,0.7807222259044647,0.07333333333333333
bdh_cq,bdh_cq/residual,cb0b76097aaf,residual,propagate,mild,"{""dim"": 1, ""distance"": 8, ""length"": 12, ""n_sources"": 1}",2,3,0.9681420202056567,0.0,0.9681420202056567,0.8747777786652247,0.07266666666666667
bdh_cq,bdh_cq/residual,cb0b76097aaf,residual,propagate,mild,"{""dim"": 1, ""distance"": 8, ""length"": 12, ""n_sources"": 1}",4,3,0.9949561680356661,0.0,0.9681420202056567,0.8173333328167597,0.05333333333333334
bdh_cq,bdh_cq/residual,cb0b76097aaf,residual,propagate,mild,"{""dim"": 1, ""distance"": 8, ""length"": 12, ""n_sources"": 1}",8,3,0.999527208507061,0.0,0.9682468256602684,0.7497777761618297,0.0
bdh_cq,bdh_cq/residual,cb0b76097aaf,residual,propagate,mild,"{""dim"": 1, ""distance"": 8, ""length"": 12, ""n_sources"": 1}",16,3,0.9999700784683228,0.0,0.9681420202056567,0.7843888806502024,0.0
bdh_cq,bdh_cq/residual,cb0b76097aaf,residual,propagate,mild,"{""dim"": 1, ""distance"": 8, ""length"": 12, ""n_sources"": 1}",32,3,0.9999981901297966,0.0,0.9682468256602684,0.784388880689939,0.0
bdh_cq,bdh_cq/residual,cb0b76097aaf,residual,propagate,strong,"{""dim"": 1, ""distance"": 12, ""length"": 48, ""n_sources"": 1}",1,3,0.9594537342588106,1.0,0.9594537342588106,0.7184722049633662,0.0
bdh_cq,bdh_cq/residual,cb0b76097aaf,residual,propagate,strong,"{""dim"": 1, ""distance"": 12, ""length"": 48, ""n_sources"": 1}",2,3,0.9920645654201508,0.0,0.9920645654201508,0.7158055378198623,0.0
bdh_cq,bdh_cq/residual,cb0b76097aaf,residual,propagate,strong,"{""dim"": 1, ""distance"": 12, ""length"": 48, ""n_sources"": 1}",4,3,0.9982645362615585,0.0,0.9920645654201508,0.7165416501760483,0.0
bdh_cq,bdh_cq/residual,cb0b76097aaf,residual,propagate,strong,"{""dim"": 1, ""distance"": 12, ""length"": 48, ""n_sources"": 1}",8,3,0.999690688525637,0.0,0.9915655062844356,0.7319305429855981,0.0
bdh_cq,bdh_cq/residual,cb0b76097aaf,residual,propagate,strong,"{""dim"": 1, ""distance"": 12, ""length"": 48, ""n_sources"": 1}",16,3,0.9999753485123316,0.0,0.9920645654201508,0.8031388828357061,0.0
bdh_cq,bdh_cq/residual,cb0b76097aaf,residual,propagate,strong,"{""dim"": 1, ""distance"": 12, ""length"": 48, ""n_sources"": 1}",32,3,0.999998381982247,0.0,0.9915655062844356,0.8383055498202642,0.0
bdh_cq,bdh_cq/residual,cb0b76097aaf,residual,propagate,strong,"{""dim"": 1, ""distance"": 24, ""length"": 48, ""n_sources"": 1}",1,3,0.9564732859532038,1.0,0.9564732859532038,0.5244861149986586,0.0
bdh_cq,bdh_cq/residual,cb0b76097aaf,residual,propagate,strong,"{""dim"": 1, ""distance"": 24, ""length"": 48, ""n_sources"": 1}",2,3,0.9911898722251257,0.0,0.9911898722251257,0.5138472266991934,0.0
bdh_cq,bdh_cq/residual,cb0b76097aaf,residual,propagate,strong,"{""dim"": 1, ""distance"": 24, ""length"": 48, ""n_sources"": 1}",4,3,0.9981860518455505,0.0,0.9911898722251257,0.5100555593768755,0.0
bdh_cq,bdh_cq/residual,cb0b76097aaf,residual,propagate,strong,"{""dim"": 1, ""distance"": 24, ""length"": 48, ""n_sources"": 1}",8,3,0.9996917024254799,0.0,0.9913578691581885,0.5411250036358833,0.0
bdh_cq,bdh_cq/residual,cb0b76097aaf,residual,propagate,strong,"{""dim"": 1, ""distance"": 24, ""length"": 48, ""n_sources"": 1}",16,3,0.9999754230181376,0.0,0.9911898722251257,0.6711111127932866,0.0
bdh_cq,bdh_cq/residual,cb0b76097aaf,residual,propagate,strong,"{""dim"": 1, ""distance"": 24, ""length"": 48, ""n_sources"": 1}",32,3,0.9999984006086985,0.0,0.9913578691581885,0.7360694458285968,0.0
looped_transformer,looped_transformer/plain,2d1c70257fcb,plain,propagate,interp,"{""dim"": 1, ""distance"": 1, ""length"": 12, ""n_sources"": 1}",1,3,0.474178700397412,1.0,0.474178700397412,1.0,1.0
looped_transformer,looped_transformer/plain,2d1c70257fcb,plain,propagate,interp,"{""dim"": 1, ""distance"": 1, ""length"": 12, ""n_sources"": 1}",2,3,0.9317120388150215,0.0,0.9317120388150215,1.0,1.0
looped_transformer,looped_transformer/plain,2d1c70257fcb,plain,propagate,interp,"{""dim"": 1, ""distance"": 1, ""length"": 12, ""n_sources"": 1}",4,3,0.9906186982989311,0.0,0.9317120388150215,1.0,1.0
looped_transformer,looped_transformer/plain,2d1c70257fcb,plain,propagate,interp,"{""dim"": 1, ""distance"": 1, ""length"": 12, ""n_sources"": 1}",8,3,0.9987887926399708,0.0,0.9309456354628006,0.99817032639138,0.9790419161676646
looped_transformer,looped_transformer/plain,2d1c70257fcb,plain,propagate,interp,"{""dim"": 1, ""distance"": 1, ""length"": 12, ""n_sources"": 1}",16,3,0.9998088851571083,0.0,0.9317120388150215,0.9790419173573781,0.8233532934131736
looped_transformer,looped_transformer/plain,2d1c70257fcb,plain,propagate,interp,"{""dim"": 1, ""distance"": 1, ""length"": 12, ""n_sources"": 1}",32,3,0.9999658248076836,0.0,0.9309456354628006,0.9366267495407555,0.5249500998003992
looped_transformer,looped_transformer/plain,2d1c70257fcb,plain,propagate,interp,"{""dim"": 1, ""distance"": 2, ""length"": 12, ""n_sources"": 1}",1,3,0.4801964412132899,1.0,0.4801964412132899,1.0,1.0
looped_transformer,looped_transformer/plain,2d1c70257fcb,plain,propagate,interp,"{""dim"": 1, ""distance"": 2, ""length"": 12, ""n_sources"": 1}",2,3,0.9315174197157224,0.0,0.9315174197157224,1.0,1.0
looped_transformer,looped_transformer/plain,2d1c70257fcb,plain,propagate,interp,"{""dim"": 1, ""distance"": 2, ""length"": 12, ""n_sources"": 1}",4,3,0.9912253717581431,0.0,0.9315174197157224,1.0,1.0
looped_transformer,looped_transformer/plain,2d1c70257fcb,plain,propagate,interp,"{""dim"": 1, ""distance"": 2, ""length"": 12, ""n_sources"": 1}",8,3,0.9987636860460043,0.0,0.9283987277497848,0.9979979984156482,0.9769769769769768
looped_transformer,looped_transformer/plain,2d1c70257fcb,plain,propagate,interp,"{""dim"": 1, ""distance"": 2, ""length"": 12, ""n_sources"": 1}",16,3,0.9997989485661188,0.0,0.9315174197157224,0.9778945626797261,0.8498498498498499
looped_transformer,looped_transformer/plain,2d1c70257fcb,plain,propagate,interp,"{""dim"": 1, ""distance"": 2, ""length"": 12, ""n_sources"": 1}",32,3,0.9999663792550564,0.0,0.9283987277497848,0.9280113493119394,0.5025025025025025
looped_transformer,looped_transformer/plain,2d1c70257fcb,plain,propagate,interp,"{""dim"": 1, ""distance"": 4, ""length"": 12, ""n_sources"": 1}",1,3,0.4836830149094264,1.0,0.4836830149094264,1.0,1.0
looped_transformer,looped_transformer/plain,2d1c70257fcb,plain,propagate,interp,"{""dim"": 1, ""distance"": 4, ""length"": 12, ""n_sources"": 1}",2,3,0.9305936644474665,0.0,0.9305936644474665,1.0,1.0
looped_transformer,looped_transformer/plain,2d1c70257fcb,plain,propagate,interp,"{""dim"": 1, ""distance"": 4, ""length"": 12, ""n_sources"": 1}",4,3,0.9908811276157697,0.0,0.9305936644474665,1.0,1.0
looped_transformer,looped_transformer/plain,2d1c70257fcb,plain,propagate,interp,"{""dim"": 1, ""distance"": 4, ""length"": 12, ""n_sources"": 1}",8,3,0.9987697328130404,0.0,0.9291563127189875,0.9965799139426634,0.9629629629629631
looped_transformer,looped_transformer/plain,2d1c70257fcb,plain,propagate,interp,"{""dim"": 1, ""distance"": 4, ""length"": 12, ""n_sources"": 1}",16,3,0.999809019267559,0.0,0.9305936644474665,0.9542042061731264,0.7607607607607608
looped_transformer,looped_transformer/plain,2d1c70257fcb,plain,propagate,interp,"{""dim"": 1, ""distance"": 4, ""length"": 12, ""n_sources"": 1}",32,3,0.9999657720327377,0.0,0.9291563127189875,0.8828828861345878,0.36936936936936937
looped_transformer,looped_transformer/plain,2d1c70257fcb,plain,propagate,mild,"{""dim"": 1, ""distance"": 6, ""length"": 12, ""n_sources"": 1}",1,3,0.47688064848383266,1.0,0.47688064848383266,0.8994444557030996,0.006666666666666667
looped_transformer,looped_transformer/plain,2d1c70257fcb,plain,propagate,mild,"{""dim"": 1, ""distance"": 6, ""length"": 12, ""n_sources"": 1}",2,3,0.9308570052186648,0.0,0.9308570052186648,0.9047222342491149,0.036
looped_transformer,looped_transformer/plain,2d1c70257fcb,plain,propagate,mild,"{""dim"": 1, ""distance"": 6, ""length"": 12, ""n_sources"": 1}",4,3,0.9907237663865089,0.0,0.9308570052186648,0.9089444572130839,0.05733333333333334
looped_transformer,looped_transformer/plain,2d1c70257fcb,plain,propagate,mild,"{""dim"": 1, ""distance"": 6, ""length"": 12, ""n_sources"": 1}",8,3,0.9987732321023941,0.0,0.9293292133758465,0.9030000100533168,0.076
looped_transformer,looped_transformer/plain,2d1c70257fcb,plain,propagate,mild,"{""dim"": 1, ""distance"": 6, ""length"": 12, ""n_sources"": 1}",16,3,0.9998090664545695,0.0,0.9308570052186648,0.850111117263635,0.10999999999999999
looped_transformer,looped_transformer/plain,2d1c70257fcb,plain,propagate,mild,"{""dim"": 1, ""distance"": 6, ""length"": 12, ""n_sources"": 1}",32,3,0.9999658639232317,0.0,0.9293292133758465,0.7680555574695269,0.038
looped_transformer,looped_transformer/plain,2d1c70257fcb,plain,propagate,mild,"{""dim"": 1, ""distance"": 8, ""length"": 12, ""n_sources"": 1}",1,3,0.4731030911207199,1.0,0.4731030911207199,0.7049444502592087,0.0
looped_transformer,looped_transformer/plain,2d1c70257fcb,plain,propagate,mild,"{""dim"": 1, ""distance"": 8, ""length"": 12, ""n_sources"": 1}",2,3,0.9304936950405439,0.0,0.9304936950405439,0.7198333376248677,0.0
looped_transformer,looped_transformer/plain,2d1c70257fcb,plain,propagate,mild,"{""dim"": 1, ""distance"": 8, ""length"": 12, ""n_sources"": 1}",4,3,0.9907394746939341,0.0,0.9304936950405439,0.7282777806520461,0.0
looped_transformer,looped_transformer/plain,2d1c70257fcb,plain,propagate,mild,"{""dim"": 1, ""distance"": 8, ""length"": 12, ""n_sources"": 1}",8,3,0.99881428728501,0.0,0.9308789341400067,0.7167222256064415,0.0
looped_transformer,looped_transformer/plain,2d1c70257fcb,plain,propagate,mild,"{""dim"": 1, ""distance"": 8, ""length"": 12, ""n_sources"": 1}",16,3,0.9997976074616114,0.0,0.9304936950405439,0.6426111134092013,0.0
looped_transformer,looped_transformer/plain,2d1c70257fcb,plain,propagate,mild,"{""dim"": 1, ""distance"": 8, ""length"": 12, ""n_sources"": 1}",32,3,0.9999669392903646,0.0,0.9308789341400067,0.5637777797778447,0.0
looped_transformer,looped_transformer/plain,2d1c70257fcb,plain,propagate,strong,"{""dim"": 1, ""distance"": 12, ""length"": 48, ""n_sources"": 1}",1,3,0.6296799778938293,1.0,0.6296799778938293,0.6344999991854031,0.0
looped_transformer,looped_transformer/plain,2d1c70257fcb,plain,propagate,strong,"{""dim"": 1, ""distance"": 12, ""length"": 48, ""n_sources"": 1}",2,3,0.9619665121038755,0.0,0.9619665121038755,0.6549722223480542,0.0
looped_transformer,looped_transformer/plain,2d1c70257fcb,plain,propagate,strong,"{""dim"": 1, ""distance"": 12, ""length"": 48, ""n_sources"": 1}",4,3,0.9954260687033335,0.0,0.9619665121038755,0.7178472224871317,0.0
looped_transformer,looped_transformer/plain,2d1c70257fcb,plain,propagate,strong,"{""dim"": 1, ""distance"": 12, ""length"": 48, ""n_sources"": 1}",8,3,0.9992844841132561,0.0,0.9638725475718578,0.7372638876835506,0.0
looped_transformer,looped_transformer/plain,2d1c70257fcb,plain,propagate,strong,"{""dim"": 1, ""distance"": 12, ""length"": 48, ""n_sources"": 1}",16,3,0.9998853529493014,0.0,0.9619665121038755,0.7430138868093491,0.0
looped_transformer,looped_transformer/plain,2d1c70257fcb,plain,propagate,strong,"{""dim"": 1, ""distance"": 12, ""length"": 48, ""n_sources"": 1}",32,3,0.9999818969517946,0.0,0.9638725475718578,0.7458888861735661,0.0
looped_transformer,looped_transformer/plain,2d1c70257fcb,plain,propagate,strong,"{""dim"": 1, ""distance"": 24, ""length"": 48, ""n_sources"": 1}",1,3,0.6381154755751292,1.0,0.6381154755751292,0.6463888873457909,0.0
looped_transformer,looped_transformer/plain,2d1c70257fcb,plain,propagate,strong,"{""dim"": 1, ""distance"": 24, ""length"": 48, ""n_sources"": 1}",2,3,0.9653093467156092,0.0,0.9653093467156092,0.6606944443980852,0.0
looped_transformer,looped_transformer/plain,2d1c70257fcb,plain,propagate,strong,"{""dim"": 1, ""distance"": 24, ""length"": 48, ""n_sources"": 1}",4,3,0.9955838322639465,0.0,0.9653093467156092,0.6934166669249535,0.0
looped_transformer,looped_transformer/plain,2d1c70257fcb,plain,propagate,strong,"{""dim"": 1, ""distance"": 24, ""length"": 48, ""n_sources"": 1}",8,3,0.9992903818686804,0.0,0.9647488134602705,0.687777777214845,0.0
looped_transformer,looped_transformer/plain,2d1c70257fcb,plain,propagate,strong,"{""dim"": 1, ""distance"": 24, ""length"": 48, ""n_sources"": 1}",16,3,0.9998796060681343,0.0,0.9653093467156092,0.6635694435238838,0.0
looped_transformer,looped_transformer/plain,2d1c70257fcb,plain,propagate,strong,"{""dim"": 1, ""distance"": 24, ""length"": 48, ""n_sources"": 1}",32,3,0.9999817945063114,0.0,0.9647488134602705,0.6513750006357829,0.0
